{
"type": "FeatureCollection",
"name": "2023_Ambit_ZBE_Barcelona",
"features": [
{ "type": "Feature", "properties": { "Ambit": "ZBE Barcelona", "Perimetre": 69411.27, "Area": 77518354.93000001 }, "geometry": { "type": "Polygon", "coordinates": [ [ [ 2.1781522, 41.3738547 ], [ 2.1782708, 41.3740065 ], [ 2.1781381, 41.3740675 ], [ 2.1779763, 41.3741383 ], [ 2.1784793, 41.3747665 ], [ 2.1785845, 41.374898 ], [ 2.1786095, 41.3749313 ], [ 2.1799394, 41.3765888 ], [ 2.1802469, 41.3769788 ], [ 2.1803697, 41.377129 ], [ 2.1807323, 41.3775847 ], [ 2.1808749, 41.3777588 ], [ 2.1810981, 41.3780425 ], [ 2.1821747, 41.3793874 ], [ 2.1822778, 41.3795207 ], [ 2.1823047, 41.3795517 ], [ 2.1823895, 41.3795131 ], [ 2.1824651, 41.379481 ], [ 2.1825096, 41.3794596 ], [ 2.1826172, 41.3791679 ], [ 2.1826821, 41.3790098 ], [ 2.1827769, 41.3787734 ], [ 2.1828515, 41.3785757 ], [ 2.1829683, 41.3782769 ], [ 2.1831784, 41.3777296 ], [ 2.1832536, 41.37755 ], [ 2.1831082, 41.3773694 ], [ 2.182597, 41.3767248 ], [ 2.1824154, 41.3764927 ], [ 2.1815056, 41.3753547 ], [ 2.1815877, 41.3750872 ], [ 2.1816533, 41.374888 ], [ 2.1825692, 41.3744711 ], [ 2.1829235, 41.3743145 ], [ 2.1830575, 41.3743389 ], [ 2.1831896, 41.3744995 ], [ 2.1834495, 41.3748323 ], [ 2.183584, 41.3750006 ], [ 2.1836134, 41.3750401 ], [ 2.184295, 41.375893 ], [ 2.1844969, 41.3761486 ], [ 2.1846264, 41.3763157 ], [ 2.184637, 41.3763271 ], [ 2.1847211, 41.3764368 ], [ 2.1848741, 41.3766306 ], [ 2.1849661, 41.3767407 ], [ 2.1849929, 41.3767466 ], [ 2.1848716, 41.3770508 ], [ 2.1847318, 41.3774175 ], [ 2.1845108, 41.3779733 ], [ 2.1842704, 41.3785981 ], [ 2.1841701, 41.3788651 ], [ 2.1838536, 41.3796764 ], [ 2.1837485, 41.3799536 ], [ 2.1836489, 41.3801985 ], [ 2.1835505, 41.3804536 ], [ 2.1846571, 41.3807052 ], [ 2.1846709, 41.3807037 ], [ 2.185917, 41.38011 ], [ 2.1860467, 41.3797876 ], [ 2.185945, 41.3797644 ], [ 2.1860291, 41.3795546 ], [ 2.1864461, 41.3796493 ], [ 2.1871152, 41.3779769 ], [ 2.1872636, 41.3775987 ], [ 2.1864365, 41.3774108 ], [ 2.1864421, 41.3773351 ], [ 2.1871974, 41.3772267 ], [ 2.1871253, 41.3769372 ], [ 2.1870583, 41.3766828 ], [ 2.1870573, 41.3766721 ], [ 2.1870446, 41.3766318 ], [ 2.1870446, 41.3766238 ], [ 2.1869417, 41.3762272 ], [ 2.1869416, 41.3762153 ], [ 2.1868947, 41.3760096 ], [ 2.186602, 41.3760499 ], [ 2.1868352, 41.375907 ], [ 2.1868471, 41.3759576 ], [ 2.1868802, 41.3759532 ], [ 2.1868329, 41.3757687 ], [ 2.1868504, 41.3757657 ], [ 2.1868308, 41.3756878 ], [ 2.1868342, 41.3756755 ], [ 2.1869268, 41.3756248 ], [ 2.1863606, 41.3754097 ], [ 2.1859827, 41.3752706 ], [ 2.1856777, 41.3751447 ], [ 2.1853955, 41.3750347 ], [ 2.1853704, 41.3750226 ], [ 2.1853359, 41.3750004 ], [ 2.1853067, 41.3749755 ], [ 2.1850348, 41.3750004 ], [ 2.1848327, 41.3750189 ], [ 2.18473, 41.3750283 ], [ 2.1847284, 41.3750189 ], [ 2.1847254, 41.3750005 ], [ 2.184721, 41.3749734 ], [ 2.1852707, 41.3749225 ], [ 2.1852668, 41.3749041 ], [ 2.1852632, 41.3748728 ], [ 2.1852078, 41.3745312 ], [ 2.184548, 41.374638 ], [ 2.1845352, 41.374584 ], [ 2.1851979, 41.3744755 ], [ 2.185137, 41.3740828 ], [ 2.1844921, 41.374222 ], [ 2.1844697, 41.3741684 ], [ 2.1851286, 41.3740269 ], [ 2.1850663, 41.3736377 ], [ 2.1844735, 41.3738143 ], [ 2.1844467, 41.3737631 ], [ 2.185058, 41.373581 ], [ 2.1850035, 41.3732325 ], [ 2.1849425, 41.3732129 ], [ 2.1844225, 41.3734098 ], [ 2.1843922, 41.3733593 ], [ 2.1849872, 41.3731348 ], [ 2.1849298, 41.3727892 ], [ 2.1848742, 41.3727728 ], [ 2.1843015, 41.3730335 ], [ 2.1842642, 41.3729869 ], [ 2.1849253, 41.3726836 ], [ 2.1849324, 41.3726739 ], [ 2.1849067, 41.372658 ], [ 2.1842448, 41.3729647 ], [ 2.1842335, 41.3729509 ], [ 2.1848921, 41.3726457 ], [ 2.1849836, 41.3726414 ], [ 2.1849939, 41.3726378 ], [ 2.1850667, 41.3726315 ], [ 2.1855324, 41.3725911 ], [ 2.1855488, 41.372591 ], [ 2.1855656, 41.372593 ], [ 2.1855822, 41.3725972 ], [ 2.1855978, 41.3726037 ], [ 2.1856117, 41.3726122 ], [ 2.1856232, 41.3726222 ], [ 2.185632, 41.3726332 ], [ 2.185638, 41.3726446 ], [ 2.185786, 41.3735797 ], [ 2.1859343, 41.3745319 ], [ 2.1866605, 41.3748152 ], [ 2.1874892, 41.374557 ], [ 2.1872341, 41.3740771 ], [ 2.1872141, 41.3740443 ], [ 2.1872083, 41.3740464 ], [ 2.1871185, 41.3738741 ], [ 2.1869504, 41.3737073 ], [ 2.1868019, 41.37356 ], [ 2.1868388, 41.3735388 ], [ 2.1868445, 41.3735398 ], [ 2.187092, 41.3737877 ], [ 2.1869809, 41.3735878 ], [ 2.1868186, 41.3732873 ], [ 2.1871213, 41.3731938 ], [ 2.1875455, 41.3731563 ], [ 2.1875, 41.3728643 ], [ 2.1874032, 41.3722783 ], [ 2.1870925, 41.3723041 ], [ 2.1865065, 41.372357 ], [ 2.1859244, 41.3724059 ], [ 2.1859204, 41.3724048 ], [ 2.1857965, 41.3716925 ], [ 2.1857979, 41.3716887 ], [ 2.1858026, 41.371687 ], [ 2.1861643, 41.371654 ], [ 2.1861522, 41.3715881 ], [ 2.1857976, 41.3716187 ], [ 2.185792, 41.3716169 ], [ 2.1857895, 41.3716104 ], [ 2.1857693, 41.3714944 ], [ 2.1857702, 41.3714879 ], [ 2.1857731, 41.371485 ], [ 2.1858077, 41.3714821 ], [ 2.1857676, 41.371209 ], [ 2.1865111, 41.3711477 ], [ 2.1865134, 41.371163 ], [ 2.1872137, 41.3711027 ], [ 2.1871429, 41.3706437 ], [ 2.1865716, 41.3707062 ], [ 2.1865112, 41.3707114 ], [ 2.1853507, 41.3708337 ], [ 2.1849738, 41.3708695 ], [ 2.1847846, 41.3708934 ], [ 2.1847095, 41.3709002 ], [ 2.1846913, 41.3708992 ], [ 2.184664, 41.3708926 ], [ 2.1846401, 41.3708801 ], [ 2.1846225, 41.3708635 ], [ 2.1846122, 41.3708452 ], [ 2.184562, 41.3705444 ], [ 2.1845603, 41.3705174 ], [ 2.1845676, 41.3704909 ], [ 2.1845788, 41.3704755 ], [ 2.1845947, 41.3704622 ], [ 2.1846142, 41.3704519 ], [ 2.1846357, 41.3704454 ], [ 2.1849643, 41.370416 ], [ 2.1849565, 41.3703585 ], [ 2.184948, 41.370359 ], [ 2.1849193, 41.3701892 ], [ 2.1847041, 41.3690141 ], [ 2.1846243, 41.3686055 ], [ 2.1846349, 41.3685804 ], [ 2.1846467, 41.3685654 ], [ 2.184663, 41.3685523 ], [ 2.1846828, 41.3685419 ], [ 2.1847048, 41.3685349 ], [ 2.1850195, 41.3684992 ], [ 2.1851925, 41.3684816 ], [ 2.1851452, 41.3682184 ], [ 2.1851604, 41.3682167 ], [ 2.1851453, 41.3681439 ], [ 2.1851487, 41.3681436 ], [ 2.1851459, 41.3681264 ], [ 2.1851504, 41.368126 ], [ 2.1851469, 41.3681043 ], [ 2.1852402, 41.3680958 ], [ 2.1852481, 41.3681448 ], [ 2.1856884, 41.3681011 ], [ 2.1856795, 41.3680437 ], [ 2.18582, 41.3680314 ], [ 2.1858206, 41.368035 ], [ 2.1858601, 41.3680316 ], [ 2.1858594, 41.3680273 ], [ 2.1858734, 41.3680261 ], [ 2.1858746, 41.3680341 ], [ 2.1859535, 41.3680272 ], [ 2.1859943, 41.3682572 ], [ 2.1859762, 41.368259 ], [ 2.1859783, 41.3682707 ], [ 2.1859715, 41.3682713 ], [ 2.1859762, 41.3682978 ], [ 2.1859845, 41.368297 ], [ 2.185988, 41.3683169 ], [ 2.1859512, 41.3683171 ], [ 2.1859488, 41.368354 ], [ 2.1859398, 41.368386 ], [ 2.1859184, 41.3684107 ], [ 2.1858868, 41.368433 ], [ 2.1858605, 41.3684479 ], [ 2.1859623, 41.3690271 ], [ 2.1861736, 41.3701256 ], [ 2.1872018, 41.3700069 ], [ 2.1868801, 41.3683009 ], [ 2.1869727, 41.368291 ], [ 2.1868613, 41.3677964 ], [ 2.1868176, 41.367576 ], [ 2.1867305, 41.3671634 ], [ 2.1866808, 41.3669123 ], [ 2.1862524, 41.3664089 ], [ 2.1860275, 41.3661507 ], [ 2.1857603, 41.3658245 ], [ 2.1854817, 41.3655017 ], [ 2.1854632, 41.3654755 ], [ 2.1853638, 41.3653585 ], [ 2.1851333, 41.3656872 ], [ 2.1850874, 41.3657035 ], [ 2.1849761, 41.3656697 ], [ 2.1849343, 41.365631 ], [ 2.1849303, 41.3655932 ], [ 2.1849359, 41.3652563 ], [ 2.1851317, 41.3652961 ], [ 2.1852887, 41.3648235 ], [ 2.1853128, 41.3647509 ], [ 2.1853665, 41.3647192 ], [ 2.18543, 41.3647146 ], [ 2.1855501, 41.3647605 ], [ 2.1856079, 41.3647495 ], [ 2.1856503, 41.3646885 ], [ 2.1857178, 41.3645914 ], [ 2.1857593, 41.3645318 ], [ 2.1857884, 41.36449 ], [ 2.1858577, 41.3643903 ], [ 2.185973, 41.3642247 ], [ 2.1860713, 41.3641861 ], [ 2.1862814, 41.3641062 ], [ 2.1864078, 41.3640607 ], [ 2.1864821, 41.3640366 ], [ 2.1865348, 41.3640315 ], [ 2.186596, 41.3640341 ], [ 2.1866486, 41.3640453 ], [ 2.1867031, 41.3640679 ], [ 2.1867434, 41.3640945 ], [ 2.1867662, 41.364113 ], [ 2.1867944, 41.364141 ], [ 2.1867925, 41.3641625 ], [ 2.186778, 41.3641788 ], [ 2.1865253, 41.3642715 ], [ 2.1861549, 41.3644075 ], [ 2.1861001, 41.3644861 ], [ 2.1859491, 41.3647032 ], [ 2.185864, 41.3648255 ], [ 2.1858624, 41.3648521 ], [ 2.1858708, 41.3648848 ], [ 2.1859204, 41.364937 ], [ 2.1863143, 41.3652052 ], [ 2.1866898, 41.3655043 ], [ 2.1868396, 41.365673 ], [ 2.1870362, 41.3659105 ], [ 2.1871046, 41.3660236 ], [ 2.1871567, 41.3661079 ], [ 2.1872646, 41.3662507 ], [ 2.1873283, 41.3664058 ], [ 2.1873961, 41.3665652 ], [ 2.1874437, 41.3666863 ], [ 2.1874547, 41.3667315 ], [ 2.1874599, 41.3667573 ], [ 2.1874755, 41.3667541 ], [ 2.187531, 41.3667689 ], [ 2.1875582, 41.366784 ], [ 2.1876555, 41.3668953 ], [ 2.1877753, 41.3670801 ], [ 2.1878958, 41.3672306 ], [ 2.1879344, 41.3672563 ], [ 2.1880603, 41.3672214 ], [ 2.1883262, 41.3671049 ], [ 2.1889165, 41.3668604 ], [ 2.1892453, 41.366744 ], [ 2.1892833, 41.3667172 ], [ 2.1893012, 41.3666976 ], [ 2.1893018, 41.3666381 ], [ 2.1892825, 41.3665822 ], [ 2.1892275, 41.366526 ], [ 2.1890101, 41.3661839 ], [ 2.1889664, 41.3661154 ], [ 2.1887874, 41.365867 ], [ 2.1885883, 41.3655564 ], [ 2.1875924, 41.3640175 ], [ 2.1875, 41.3638339 ], [ 2.1875, 41.3637116 ], [ 2.1874143, 41.3635753 ], [ 2.1872626, 41.3634213 ], [ 2.1871917, 41.3634414 ], [ 2.1870644, 41.363437 ], [ 2.1868722, 41.3634092 ], [ 2.1867338, 41.3633644 ], [ 2.1867121, 41.3633337 ], [ 2.1866888, 41.3632876 ], [ 2.1866798, 41.3632172 ], [ 2.187133, 41.3631273 ], [ 2.1871627, 41.3630786 ], [ 2.1871336, 41.362963 ], [ 2.1870947, 41.3628515 ], [ 2.186948, 41.3624391 ], [ 2.1868671, 41.362226 ], [ 2.1868046, 41.3620409 ], [ 2.1867926, 41.362013 ], [ 2.1867644, 41.3619584 ], [ 2.186723, 41.3618622 ], [ 2.1866862, 41.3617517 ], [ 2.1866466, 41.3616242 ], [ 2.186626, 41.3616267 ], [ 2.1865433, 41.3614068 ], [ 2.186458, 41.3611906 ], [ 2.1862588, 41.3606672 ], [ 2.185985, 41.359964 ], [ 2.1858694, 41.3596728 ], [ 2.1857742, 41.3594123 ], [ 2.1855115, 41.3587157 ], [ 2.1852807, 41.3581126 ], [ 2.1851222, 41.3581453 ], [ 2.1850568, 41.3579806 ], [ 2.1850368, 41.3579776 ], [ 2.1846616, 41.3580599 ], [ 2.1845988, 41.3579029 ], [ 2.1853606, 41.3577342 ], [ 2.1854516, 41.357967 ], [ 2.1855256, 41.3581452 ], [ 2.1858362, 41.3589501 ], [ 2.1861119, 41.3596901 ], [ 2.1863714, 41.3603472 ], [ 2.1868488, 41.3615885 ], [ 2.1870873, 41.3615398 ], [ 2.1871453, 41.3617076 ], [ 2.1870854, 41.3617186 ], [ 2.187118, 41.3618035 ], [ 2.1875054, 41.3627942 ], [ 2.1877294, 41.3630834 ], [ 2.1877591, 41.3634711 ], [ 2.1880257, 41.3637875 ], [ 2.1883962, 41.3644568 ], [ 2.1886748, 41.3648878 ], [ 2.1890189, 41.3654201 ], [ 2.1892819, 41.3658269 ], [ 2.1895506, 41.3662426 ], [ 2.1898122, 41.3666473 ], [ 2.1901277, 41.3670465 ], [ 2.1901588, 41.3671292 ], [ 2.1904532, 41.367639 ], [ 2.1907576, 41.3681099 ], [ 2.1909587, 41.3684209 ], [ 2.1911229, 41.3686749 ], [ 2.191287, 41.3689288 ], [ 2.1913986, 41.3691014 ], [ 2.1915946, 41.3694045 ], [ 2.1917224, 41.3696023 ], [ 2.191781, 41.3696929 ], [ 2.1918333, 41.3697739 ], [ 2.1918572, 41.3698107 ], [ 2.1918774, 41.369857 ], [ 2.19188, 41.369892 ], [ 2.1918758, 41.3699079 ], [ 2.1918653, 41.3699207 ], [ 2.1917938, 41.3699821 ], [ 2.1915699, 41.3700372 ], [ 2.1914614, 41.3699703 ], [ 2.1914603, 41.3699271 ], [ 2.1913231, 41.3697209 ], [ 2.1912521, 41.3696084 ], [ 2.1912183, 41.3695406 ], [ 2.1911526, 41.3694377 ], [ 2.191112, 41.3693948 ], [ 2.1909949, 41.3693784 ], [ 2.1908709, 41.3693952 ], [ 2.1905454, 41.369479 ], [ 2.1903475, 41.3695154 ], [ 2.1901619, 41.3696442 ], [ 2.1898461, 41.3699285 ], [ 2.1896918, 41.370158 ], [ 2.1895284, 41.3704952 ], [ 2.1894914, 41.3706891 ], [ 2.1894822, 41.3710964 ], [ 2.1895097, 41.3715622 ], [ 2.1896859, 41.3724104 ], [ 2.1902368, 41.373867 ], [ 2.1906355, 41.3747106 ], [ 2.1908627, 41.3751914 ], [ 2.191298, 41.3758365 ], [ 2.1916787, 41.3762388 ], [ 2.19195, 41.3764549 ], [ 2.1922313, 41.3766367 ], [ 2.1927691, 41.3768416 ], [ 2.1932066, 41.3769194 ], [ 2.1934139, 41.3769079 ], [ 2.1934424, 41.3769179 ], [ 2.1932011, 41.3770781 ], [ 2.1930721, 41.377263 ], [ 2.1929656, 41.3774157 ], [ 2.1928685, 41.377636 ], [ 2.1928184, 41.3779427 ], [ 2.1928715, 41.3784035 ], [ 2.1929562, 41.3786956 ], [ 2.1929682, 41.3787369 ], [ 2.1931835, 41.3791967 ], [ 2.1932903, 41.3793733 ], [ 2.1934175, 41.3795837 ], [ 2.1939473, 41.3802117 ], [ 2.1945048, 41.380709 ], [ 2.19489, 41.3809317 ], [ 2.194979, 41.3809694 ], [ 2.1965312, 41.3804099 ], [ 2.1965075, 41.3803643 ], [ 2.1965389, 41.3803045 ], [ 2.1965633, 41.3802891 ], [ 2.1965942, 41.3802714 ], [ 2.1966355, 41.3802522 ], [ 2.1967167, 41.3802391 ], [ 2.1968247, 41.3802578 ], [ 2.1969075, 41.3802821 ], [ 2.1969277, 41.3802973 ], [ 2.196932, 41.3803062 ], [ 2.1969343, 41.3803467 ], [ 2.1969206, 41.3804061 ], [ 2.1969415, 41.3804519 ], [ 2.1969266, 41.3805095 ], [ 2.1968961, 41.3805416 ], [ 2.1968258, 41.3805733 ], [ 2.1968177, 41.3805748 ], [ 2.1967105, 41.3805555 ], [ 2.1966973, 41.3805531 ], [ 2.1966802, 41.3805468 ], [ 2.1966481, 41.3805192 ], [ 2.1953519, 41.3809867 ], [ 2.1956805, 41.3815215 ], [ 2.1969607, 41.3810657 ], [ 2.1969389, 41.3810108 ], [ 2.196942, 41.3809959 ], [ 2.1969471, 41.380987 ], [ 2.1970244, 41.3809549 ], [ 2.1971109, 41.3809566 ], [ 2.1971661, 41.3809647 ], [ 2.1972035, 41.3809922 ], [ 2.1972527, 41.381025 ], [ 2.1972714, 41.3810419 ], [ 2.1973053, 41.3810779 ], [ 2.1973171, 41.3811086 ], [ 2.1973159, 41.3811165 ], [ 2.1972697, 41.3811576 ], [ 2.1972381, 41.3812147 ], [ 2.1972184, 41.3812293 ], [ 2.1971975, 41.3812348 ], [ 2.1971225, 41.3812407 ], [ 2.1971051, 41.3812405 ], [ 2.1969881, 41.3812328 ], [ 2.1969757, 41.3812097 ], [ 2.195462, 41.3817442 ], [ 2.1954615, 41.3820696 ], [ 2.1955685, 41.3825214 ], [ 2.1958052, 41.3830187 ], [ 2.1959341, 41.3831942 ], [ 2.1963083, 41.3836038 ], [ 2.1965596, 41.3838255 ], [ 2.1970039, 41.384104 ], [ 2.1972236, 41.3842132 ], [ 2.1978466, 41.3844268 ], [ 2.198194, 41.3844799 ], [ 2.1982036, 41.3844487 ], [ 2.198207, 41.3844426 ], [ 2.1982132, 41.3844349 ], [ 2.1982155, 41.3844309 ], [ 2.1982258, 41.3843974 ], [ 2.1982386, 41.3843706 ], [ 2.1982406, 41.384364 ], [ 2.1982427, 41.384355 ], [ 2.1982445, 41.3843505 ], [ 2.1982489, 41.384345 ], [ 2.198253, 41.3843419 ], [ 2.1982628, 41.3843372 ], [ 2.1982668, 41.3843372 ], [ 2.1982724, 41.3843389 ], [ 2.1982749, 41.3843391 ], [ 2.1982787, 41.384337 ], [ 2.1982837, 41.3843332 ], [ 2.1982864, 41.3843328 ], [ 2.1982954, 41.3843356 ], [ 2.1983094, 41.3843386 ], [ 2.1983152, 41.384341 ], [ 2.198317, 41.384343 ], [ 2.1983185, 41.3843476 ], [ 2.1983189, 41.3843537 ], [ 2.1983195, 41.3843568 ], [ 2.1983246, 41.3843724 ], [ 2.1983259, 41.384384 ], [ 2.1983252, 41.3843897 ], [ 2.1983212, 41.3844029 ], [ 2.1983136, 41.3844222 ], [ 2.1983133, 41.3844272 ], [ 2.1983145, 41.3844342 ], [ 2.1983142, 41.3844375 ], [ 2.1983072, 41.3844496 ], [ 2.1983044, 41.3844637 ], [ 2.1983007, 41.3844769 ], [ 2.1982979, 41.3844945 ], [ 2.1982918, 41.384506 ], [ 2.1982904, 41.3845159 ], [ 2.1982857, 41.3845255 ], [ 2.1982806, 41.384535 ], [ 2.1982796, 41.384547 ], [ 2.198275, 41.3845527 ], [ 2.1982723, 41.3845544 ], [ 2.1982723, 41.3845572 ], [ 2.198274, 41.3845609 ], [ 2.1982742, 41.3845627 ], [ 2.198272, 41.3845706 ], [ 2.1982645, 41.3845812 ], [ 2.198258, 41.384596 ], [ 2.1982538, 41.3846086 ], [ 2.1982532, 41.3846198 ], [ 2.1982505, 41.3846342 ], [ 2.1982505, 41.3846454 ], [ 2.1982544, 41.3846539 ], [ 2.1982545, 41.3846557 ], [ 2.1982527, 41.3846593 ], [ 2.1982482, 41.384661 ], [ 2.1982441, 41.3846677 ], [ 2.1982431, 41.3846712 ], [ 2.1982433, 41.384675 ], [ 2.1982442, 41.3846801 ], [ 2.1982436, 41.3846825 ], [ 2.1982383, 41.3846906 ], [ 2.1982328, 41.3846979 ], [ 2.1982299, 41.3847031 ], [ 2.1982384, 41.3847117 ], [ 2.1982425, 41.384714 ], [ 2.1982495, 41.3847156 ], [ 2.1982528, 41.3847167 ], [ 2.1982606, 41.3847199 ], [ 2.1982639, 41.3847221 ], [ 2.1982743, 41.3847314 ], [ 2.198294, 41.3847496 ], [ 2.1983037, 41.3847593 ], [ 2.1983064, 41.38476 ], [ 2.198311, 41.3847595 ], [ 2.1983129, 41.38476 ], [ 2.1983215, 41.3847666 ], [ 2.1983315, 41.3847779 ], [ 2.1983332, 41.3847838 ], [ 2.1983395, 41.3847908 ], [ 2.1983435, 41.3847938 ], [ 2.1983505, 41.384797 ], [ 2.1983673, 41.3848011 ], [ 2.1983873, 41.3848047 ], [ 2.1984029, 41.3848083 ], [ 2.1984104, 41.3848109 ], [ 2.1984209, 41.384816 ], [ 2.1984398, 41.384828 ], [ 2.1984746, 41.3848526 ], [ 2.198503, 41.3848746 ], [ 2.1985233, 41.3848898 ], [ 2.1985355, 41.384899 ], [ 2.1985406, 41.3849043 ], [ 2.1985438, 41.3849111 ], [ 2.1985455, 41.3849207 ], [ 2.1985469, 41.3849254 ], [ 2.1985527, 41.3849387 ], [ 2.1985582, 41.3849497 ], [ 2.1985692, 41.3849634 ], [ 2.1985783, 41.3849742 ], [ 2.1985866, 41.384983 ], [ 2.198592, 41.3849896 ], [ 2.1986007, 41.384995 ], [ 2.1986041, 41.3849973 ], [ 2.1986108, 41.3849991 ], [ 2.1988164, 41.3848436 ], [ 2.1990444, 41.3846752 ], [ 2.1990387, 41.3846707 ], [ 2.1990834, 41.3846377 ], [ 2.1991497, 41.3846667 ], [ 2.1992871, 41.3847318 ], [ 2.1994172, 41.3847989 ], [ 2.1995319, 41.3848642 ], [ 2.199655, 41.3849403 ], [ 2.1997222, 41.3849874 ], [ 2.1997606, 41.3850144 ], [ 2.1998419, 41.3850745 ], [ 2.1999096, 41.385128 ], [ 2.1999861, 41.3851924 ], [ 2.1999502, 41.3852394 ], [ 2.1999133, 41.3852101 ], [ 2.1997622, 41.3853242 ], [ 2.1998367, 41.3853833 ], [ 2.1995884, 41.3857012 ], [ 2.1994221, 41.3855798 ], [ 2.1992879, 41.3856796 ], [ 2.199489, 41.3858324 ], [ 2.1983133, 41.3867184 ], [ 2.1984302, 41.3868085 ], [ 2.1983125, 41.3868952 ], [ 2.1990786, 41.3874738 ], [ 2.1993802, 41.3876987 ], [ 2.1996677, 41.3879169 ], [ 2.1999741, 41.388145 ], [ 2.2002207, 41.3883324 ], [ 2.2003414, 41.3882437 ], [ 2.2004575, 41.3883329 ], [ 2.2019635, 41.3871976 ], [ 2.2001965, 41.3858681 ], [ 2.2008357, 41.3853852 ], [ 2.2011249, 41.3855996 ], [ 2.2009854, 41.3857044 ], [ 2.2010364, 41.385742 ], [ 2.2011742, 41.3856387 ], [ 2.2014092, 41.3858153 ], [ 2.2012038, 41.3859726 ], [ 2.2016624, 41.3863181 ], [ 2.202097, 41.3866442 ], [ 2.2021476, 41.3866057 ], [ 2.2021876, 41.386636 ], [ 2.2021381, 41.3866742 ], [ 2.2023972, 41.3868714 ], [ 2.2026034, 41.3867155 ], [ 2.2025152, 41.3866482 ], [ 2.2025336, 41.3866343 ], [ 2.2026224, 41.3867011 ], [ 2.2027453, 41.3866081 ], [ 2.2026418, 41.3864712 ], [ 2.2025512, 41.3865129 ], [ 2.2025147, 41.3864646 ], [ 2.2026069, 41.3864251 ], [ 2.202466, 41.3862468 ], [ 2.2023367, 41.3860902 ], [ 2.2022063, 41.3859417 ], [ 2.2019299, 41.3856425 ], [ 2.2017962, 41.3855064 ], [ 2.2016509, 41.3853623 ], [ 2.2013949, 41.3851244 ], [ 2.2012714, 41.3850139 ], [ 2.2010073, 41.3847877 ], [ 2.2007496, 41.3845815 ], [ 2.2005049, 41.384397 ], [ 2.2003846, 41.3843147 ], [ 2.2002674, 41.3842407 ], [ 2.2001637, 41.3841785 ], [ 2.2000338, 41.3841058 ], [ 2.199896, 41.3841514 ], [ 2.1994715, 41.3839528 ], [ 2.1994494, 41.3839383 ], [ 2.1994391, 41.3839303 ], [ 2.1994291, 41.3839224 ], [ 2.1994188, 41.3839118 ], [ 2.1994154, 41.3839084 ], [ 2.1994035, 41.3838932 ], [ 2.199399, 41.3838858 ], [ 2.1993716, 41.3838922 ], [ 2.1992619, 41.3838564 ], [ 2.1991077, 41.3837903 ], [ 2.1989803, 41.3837213 ], [ 2.1988666, 41.383669 ], [ 2.1988598, 41.383661 ], [ 2.1988589, 41.3836264 ], [ 2.1988703, 41.3836073 ], [ 2.1990078, 41.3835031 ], [ 2.1991981, 41.3834514 ], [ 2.1994028, 41.3833627 ], [ 2.1994182, 41.3833611 ], [ 2.1995583, 41.3833525 ], [ 2.1997765, 41.3833525 ], [ 2.19985, 41.3833793 ], [ 2.2000564, 41.3834713 ], [ 2.2001156, 41.3835073 ], [ 2.2002349, 41.3836205 ], [ 2.200322, 41.3836618 ], [ 2.2005438, 41.3837347 ], [ 2.2005883, 41.3838368 ], [ 2.2006555, 41.383847 ], [ 2.2006694, 41.3838576 ], [ 2.2006336, 41.3839057 ], [ 2.2005942, 41.3839749 ], [ 2.2005827, 41.3839771 ], [ 2.2005287, 41.3839842 ], [ 2.2005085, 41.3839796 ], [ 2.2004539, 41.3839637 ], [ 2.2003693, 41.3839244 ], [ 2.2003318, 41.3838567 ], [ 2.2002558, 41.383806 ], [ 2.2001469, 41.3837873 ], [ 2.1999965, 41.3837212 ], [ 2.1998652, 41.3836615 ], [ 2.1998215, 41.3836308 ], [ 2.1997791, 41.3835991 ], [ 2.1997117, 41.3835801 ], [ 2.1996569, 41.3835872 ], [ 2.1996033, 41.3835842 ], [ 2.1995761, 41.3835759 ], [ 2.1995304, 41.3835766 ], [ 2.1995016, 41.3835906 ], [ 2.1995164, 41.3836216 ], [ 2.1995139, 41.3836306 ], [ 2.199504, 41.3836433 ], [ 2.1995102, 41.3836549 ], [ 2.19952, 41.3836516 ], [ 2.1995238, 41.3836503 ], [ 2.1995274, 41.3836493 ], [ 2.199538, 41.3836464 ], [ 2.1995526, 41.3836432 ], [ 2.1995676, 41.3836407 ], [ 2.1995829, 41.3836389 ], [ 2.199593, 41.3836382 ], [ 2.1995984, 41.3836379 ], [ 2.1996037, 41.3836378 ], [ 2.199614, 41.3836377 ], [ 2.1996296, 41.3836382 ], [ 2.1996451, 41.3836396 ], [ 2.1996603, 41.3836417 ], [ 2.1996752, 41.3836446 ], [ 2.1996897, 41.3836481 ], [ 2.1997037, 41.3836523 ], [ 2.1997149, 41.3836564 ], [ 2.1997172, 41.3836572 ], [ 2.19973, 41.3836626 ], [ 2.1997333, 41.3836641 ], [ 2.1997343, 41.3836645 ], [ 2.1997408, 41.3836676 ], [ 2.199754, 41.3836737 ], [ 2.1998338, 41.3837133 ], [ 2.1998903, 41.3837413 ], [ 2.2000182, 41.3838057 ], [ 2.2001455, 41.3838697 ], [ 2.2002505, 41.3839284 ], [ 2.2002863, 41.3839485 ], [ 2.2004044, 41.3840193 ], [ 2.2005116, 41.3840835 ], [ 2.2006256, 41.3841583 ], [ 2.2007327, 41.3842317 ], [ 2.200855, 41.3843221 ], [ 2.2010746, 41.3844925 ], [ 2.2012926, 41.3846686 ], [ 2.2014574, 41.3848077 ], [ 2.2016581, 41.3849841 ], [ 2.2018621, 41.385173 ], [ 2.2019682, 41.3852754 ], [ 2.2021387, 41.3854457 ], [ 2.2023154, 41.3856323 ], [ 2.2024003, 41.3857271 ], [ 2.2027318, 41.3861095 ], [ 2.2027839, 41.3861733 ], [ 2.2029054, 41.38633 ], [ 2.2031426, 41.386652 ], [ 2.2032995, 41.3868802 ], [ 2.2034386, 41.3870972 ], [ 2.2036207, 41.3874166 ], [ 2.2030546, 41.3878398 ], [ 2.2030571, 41.3878417 ], [ 2.2031272, 41.3878704 ], [ 2.2032508, 41.3879243 ], [ 2.2032599, 41.3879306 ], [ 2.203271, 41.3879429 ], [ 2.2032748, 41.3879646 ], [ 2.2033798, 41.3880581 ], [ 2.2033944, 41.3880734 ], [ 2.2034267, 41.3880996 ], [ 2.203423, 41.3881354 ], [ 2.2033899, 41.3881591 ], [ 2.2033475, 41.3881589 ], [ 2.2033164, 41.3881333 ], [ 2.2033145, 41.3880972 ], [ 2.2032239, 41.3880521 ], [ 2.203134, 41.3879751 ], [ 2.2030307, 41.3879196 ], [ 2.2030076, 41.3878786 ], [ 2.2030051, 41.3878768 ], [ 2.202991, 41.3878873 ], [ 2.202917, 41.3878305 ], [ 2.2029461, 41.38781 ], [ 2.2028331, 41.3876536 ], [ 2.2028186, 41.3876642 ], [ 2.2027782, 41.3876956 ], [ 2.2027696, 41.3876895 ], [ 2.2027514, 41.3877034 ], [ 2.2014918, 41.388654 ], [ 2.2015188, 41.3887584 ], [ 2.2015607, 41.3888345 ], [ 2.2016658, 41.3891658 ], [ 2.2018465, 41.3895187 ], [ 2.2020749, 41.3897954 ], [ 2.2025605, 41.3902151 ], [ 2.202996, 41.3904978 ], [ 2.2035456, 41.3907842 ], [ 2.2038909, 41.3909159 ], [ 2.2044208, 41.3910806 ], [ 2.2047469, 41.3911115 ], [ 2.2047606, 41.3911025 ], [ 2.2047656, 41.3910977 ], [ 2.2047709, 41.3910928 ], [ 2.2047936, 41.3910759 ], [ 2.2048306, 41.3910492 ], [ 2.2048497, 41.3910355 ], [ 2.2048845, 41.3910063 ], [ 2.2049059, 41.3909885 ], [ 2.204919, 41.3909785 ], [ 2.2049254, 41.3909753 ], [ 2.2049351, 41.3909721 ], [ 2.2049534, 41.3909682 ], [ 2.2049652, 41.3909663 ], [ 2.2049752, 41.3909666 ], [ 2.2049846, 41.3909684 ], [ 2.2049897, 41.3909703 ], [ 2.2049928, 41.3909775 ], [ 2.2057592, 41.390392 ], [ 2.2058905, 41.3904911 ], [ 2.2053703, 41.3908851 ], [ 2.2053777, 41.3908932 ], [ 2.2053786, 41.3908993 ], [ 2.2053787, 41.390909 ], [ 2.2053733, 41.3909186 ], [ 2.2053596, 41.3909279 ], [ 2.2053442, 41.3909354 ], [ 2.2053167, 41.3909587 ], [ 2.2052812, 41.3909871 ], [ 2.2052392, 41.3910202 ], [ 2.2052183, 41.3910381 ], [ 2.2051793, 41.3910756 ], [ 2.205159, 41.3910939 ], [ 2.2051482, 41.3911026 ], [ 2.205122, 41.3911225 ], [ 2.2050686, 41.3911615 ], [ 2.2049617, 41.3912376 ], [ 2.204889, 41.3912949 ], [ 2.2048489, 41.3913248 ], [ 2.204831, 41.3913376 ], [ 2.2048153, 41.3913497 ], [ 2.2048017, 41.3913584 ], [ 2.2047872, 41.3913653 ], [ 2.2047649, 41.3913734 ], [ 2.2047337, 41.3913848 ], [ 2.2046918, 41.3913989 ], [ 2.2045674, 41.3914931 ], [ 2.2048225, 41.3916834 ], [ 2.204853, 41.3916602 ], [ 2.2048806, 41.3916259 ], [ 2.204902, 41.3916017 ], [ 2.2049451, 41.3915643 ], [ 2.2049927, 41.3915241 ], [ 2.2050551, 41.3914719 ], [ 2.2050949, 41.3914403 ], [ 2.2051355, 41.3914094 ], [ 2.2051535, 41.3913964 ], [ 2.2051702, 41.3913772 ], [ 2.2051843, 41.3913649 ], [ 2.2052075, 41.3913501 ], [ 2.2052254, 41.3913413 ], [ 2.2052318, 41.3913351 ], [ 2.2052457, 41.3913166 ], [ 2.2053525, 41.3912311 ], [ 2.2054327, 41.3911689 ], [ 2.2054599, 41.391147 ], [ 2.2055095, 41.3911087 ], [ 2.2055401, 41.3910877 ], [ 2.2055584, 41.3910797 ], [ 2.2055684, 41.391078 ], [ 2.2055814, 41.3910774 ], [ 2.2055939, 41.3910771 ], [ 2.2056127, 41.3910818 ], [ 2.206142, 41.3906787 ], [ 2.206271, 41.3907748 ], [ 2.2057292, 41.3911848 ], [ 2.2057312, 41.3911859 ], [ 2.205749, 41.3911831 ], [ 2.2057503, 41.3911832 ], [ 2.2057519, 41.3911846 ], [ 2.2057535, 41.3911927 ], [ 2.2057581, 41.3912097 ], [ 2.2057583, 41.3912142 ], [ 2.2057557, 41.3912233 ], [ 2.2057512, 41.3912307 ], [ 2.2057484, 41.391234 ], [ 2.2057433, 41.3912386 ], [ 2.2057212, 41.3912521 ], [ 2.2057048, 41.3912654 ], [ 2.2056785, 41.3912864 ], [ 2.2056604, 41.3913033 ], [ 2.205657, 41.3913056 ], [ 2.2056492, 41.3913094 ], [ 2.2056325, 41.391316 ], [ 2.2056254, 41.3913204 ], [ 2.2055983, 41.3913446 ], [ 2.2055806, 41.391359 ], [ 2.205563, 41.391373 ], [ 2.2055563, 41.3913794 ], [ 2.2055483, 41.3913885 ], [ 2.205544, 41.3913929 ], [ 2.2055332, 41.3914026 ], [ 2.2055274, 41.3914072 ], [ 2.2055133, 41.3914167 ], [ 2.2055014, 41.3914251 ], [ 2.2054893, 41.3914332 ], [ 2.2054748, 41.3914438 ], [ 2.2054748, 41.3914438 ], [ 2.2055099, 41.3915481 ], [ 2.2056762, 41.3918233 ], [ 2.2063643, 41.3928006 ], [ 2.20703, 41.3936182 ], [ 2.2076312, 41.394272 ], [ 2.2077187, 41.3943521 ], [ 2.2082026, 41.3947949 ], [ 2.2085402, 41.39504 ], [ 2.2089036, 41.3952471 ], [ 2.2094347, 41.3954755 ], [ 2.2100651, 41.3956458 ], [ 2.2100665, 41.3956435 ], [ 2.2100881, 41.3956281 ], [ 2.2101122, 41.3956082 ], [ 2.2101324, 41.395593 ], [ 2.2101596, 41.3955739 ], [ 2.2101837, 41.3955569 ], [ 2.2102094, 41.3955371 ], [ 2.2102349, 41.3955147 ], [ 2.2102621, 41.3954938 ], [ 2.2102897, 41.3954735 ], [ 2.2103171, 41.3954528 ], [ 2.2103388, 41.3954354 ], [ 2.2103629, 41.395418 ], [ 2.2103897, 41.3953977 ], [ 2.2104129, 41.39538 ], [ 2.2104387, 41.3953612 ], [ 2.2104599, 41.3953472 ], [ 2.2104868, 41.395328 ], [ 2.2105153, 41.395309 ], [ 2.2105346, 41.3952977 ], [ 2.2105462, 41.3952859 ], [ 2.2105613, 41.3952698 ], [ 2.2105853, 41.3952518 ], [ 2.2106133, 41.3952329 ], [ 2.2106437, 41.3952129 ], [ 2.2106713, 41.3951935 ], [ 2.2106955, 41.3951764 ], [ 2.2107294, 41.3951554 ], [ 2.2107461, 41.3951454 ], [ 2.2107606, 41.3951402 ], [ 2.2107705, 41.3951418 ], [ 2.2107784, 41.3951545 ], [ 2.2113177, 41.3947417 ], [ 2.2114483, 41.3948386 ], [ 2.2109116, 41.3952453 ], [ 2.2111272, 41.3954072 ], [ 2.2112525, 41.395311 ], [ 2.2113092, 41.395353 ], [ 2.2117179, 41.3950382 ], [ 2.2118488, 41.3951342 ], [ 2.2113181, 41.3955406 ], [ 2.2113246, 41.3955464 ], [ 2.211328, 41.395553 ], [ 2.2113248, 41.3955646 ], [ 2.2113081, 41.3955783 ], [ 2.2112932, 41.3955887 ], [ 2.2112792, 41.3955973 ], [ 2.2112574, 41.3956133 ], [ 2.2112378, 41.3956293 ], [ 2.2112181, 41.3956469 ], [ 2.2112004, 41.3956645 ], [ 2.2111851, 41.3956792 ], [ 2.211167, 41.3956925 ], [ 2.2111601, 41.3956973 ], [ 2.2111424, 41.3957118 ], [ 2.2111199, 41.3957324 ], [ 2.2111013, 41.3957488 ], [ 2.2110829, 41.3957632 ], [ 2.2110647, 41.3957747 ], [ 2.2110496, 41.3957888 ], [ 2.2110331, 41.3958025 ], [ 2.2110111, 41.3958167 ], [ 2.2109916, 41.3958304 ], [ 2.2109858, 41.3958352 ], [ 2.2109498, 41.3958621 ], [ 2.210932, 41.3958758 ], [ 2.2109121, 41.3958887 ], [ 2.2108961, 41.3958997 ], [ 2.2108786, 41.3959129 ], [ 2.2108636, 41.3959251 ], [ 2.2108414, 41.3959409 ], [ 2.2108221, 41.3959548 ], [ 2.2108046, 41.3959694 ], [ 2.2107866, 41.3959839 ], [ 2.2107654, 41.3960022 ], [ 2.2107451, 41.3960188 ], [ 2.2107353, 41.396027 ], [ 2.2111124, 41.3967767 ], [ 2.2115377, 41.3973088 ], [ 2.2115602, 41.3973638 ], [ 2.2116411, 41.3974673 ], [ 2.212011, 41.3978198 ], [ 2.2121186, 41.397954 ], [ 2.2128018, 41.398583 ], [ 2.2132327, 41.3988984 ], [ 2.2136356, 41.3991386 ], [ 2.2140708, 41.3992908 ], [ 2.2143989, 41.3993521 ], [ 2.2144068, 41.3993472 ], [ 2.214426, 41.3993353 ], [ 2.2144441, 41.3993251 ], [ 2.214463, 41.3993195 ], [ 2.2144796, 41.3993105 ], [ 2.2144944, 41.399299 ], [ 2.2145055, 41.3992872 ], [ 2.214519, 41.3992763 ], [ 2.2145343, 41.3992613 ], [ 2.214546, 41.3992477 ], [ 2.2145578, 41.3992349 ], [ 2.214569, 41.3992237 ], [ 2.2145823, 41.399213 ], [ 2.2145975, 41.3992069 ], [ 2.2146239, 41.3991895 ], [ 2.2146452, 41.3991723 ], [ 2.2146636, 41.3991585 ], [ 2.2146804, 41.3991478 ], [ 2.2147008, 41.399135 ], [ 2.2147198, 41.3991232 ], [ 2.2147388, 41.3991115 ], [ 2.214758, 41.3990995 ], [ 2.2147803, 41.3990852 ], [ 2.2148004, 41.3990678 ], [ 2.2148149, 41.3990526 ], [ 2.2148254, 41.3990386 ], [ 2.2148385, 41.3990249 ], [ 2.214852, 41.3990158 ], [ 2.2148708, 41.399004 ], [ 2.2149129, 41.3989769 ], [ 2.2149296, 41.3989652 ], [ 2.2149457, 41.3989566 ], [ 2.2149645, 41.398958 ], [ 2.2149806, 41.3989525 ], [ 2.2149957, 41.3989439 ], [ 2.2149951, 41.3989352 ], [ 2.2149923, 41.3989268 ], [ 2.214996, 41.3989135 ], [ 2.2150007, 41.398901 ], [ 2.2150062, 41.3988866 ], [ 2.2150134, 41.3988683 ], [ 2.2150197, 41.398853 ], [ 2.2150319, 41.3988447 ], [ 2.2150451, 41.3988393 ], [ 2.2150603, 41.398832 ], [ 2.2150741, 41.3988279 ], [ 2.2150851, 41.3988158 ], [ 2.2150967, 41.3988047 ], [ 2.2151106, 41.3987945 ], [ 2.2151235, 41.3987866 ], [ 2.2151312, 41.398775 ], [ 2.2151358, 41.3987597 ], [ 2.2151499, 41.3987439 ], [ 2.2151634, 41.3987355 ], [ 2.2151801, 41.3987302 ], [ 2.215194, 41.3987275 ], [ 2.2151972, 41.3987204 ], [ 2.2152037, 41.3987122 ], [ 2.2152147, 41.398708 ], [ 2.2152237, 41.3987106 ], [ 2.2152372, 41.3987133 ], [ 2.2152501, 41.3987086 ], [ 2.2152649, 41.3987019 ], [ 2.2152812, 41.3986936 ], [ 2.2152957, 41.3986842 ], [ 2.2153088, 41.3986739 ], [ 2.215323, 41.3986617 ], [ 2.2153381, 41.3986519 ], [ 2.2153628, 41.3986414 ], [ 2.2153901, 41.3986338 ], [ 2.215419, 41.3986201 ], [ 2.2154586, 41.3985955 ], [ 2.2154805, 41.3985822 ], [ 2.2155059, 41.3985766 ], [ 2.2155304, 41.3985731 ], [ 2.2155517, 41.3985761 ], [ 2.2155723, 41.3985848 ], [ 2.2155878, 41.3985953 ], [ 2.2155987, 41.3986084 ], [ 2.2155984, 41.3986221 ], [ 2.2155903, 41.3986369 ], [ 2.2155798, 41.3986502 ], [ 2.2155494, 41.3986729 ], [ 2.2155183, 41.3986938 ], [ 2.2154693, 41.3987248 ], [ 2.2154353, 41.3987462 ], [ 2.2154188, 41.3987575 ], [ 2.2154064, 41.3987729 ], [ 2.215399, 41.3987898 ], [ 2.2153873, 41.3988078 ], [ 2.2153669, 41.398825 ], [ 2.2153448, 41.3988406 ], [ 2.215337, 41.3988564 ], [ 2.2153674, 41.3988853 ], [ 2.2153963, 41.3989073 ], [ 2.2153964, 41.3989073 ], [ 2.2154213, 41.3989248 ], [ 2.2154381, 41.3989198 ], [ 2.2154599, 41.3989141 ], [ 2.2154889, 41.3989018 ], [ 2.2155034, 41.3988919 ], [ 2.2155176, 41.3988799 ], [ 2.2155331, 41.3988677 ], [ 2.215549, 41.3988574 ], [ 2.2155656, 41.3988472 ], [ 2.2155835, 41.3988375 ], [ 2.2156026, 41.3988283 ], [ 2.2156205, 41.3988205 ], [ 2.2156358, 41.3988096 ], [ 2.2156523, 41.3987999 ], [ 2.2156734, 41.3987966 ], [ 2.2157019, 41.3988099 ], [ 2.2157133, 41.39882 ], [ 2.2157197, 41.3988375 ], [ 2.2157181, 41.3988553 ], [ 2.215715, 41.3988743 ], [ 2.2157086, 41.3988938 ], [ 2.2157005, 41.3989123 ], [ 2.2156866, 41.3989284 ], [ 2.2156742, 41.3989423 ], [ 2.2156611, 41.3989545 ], [ 2.2156501, 41.3989692 ], [ 2.2156394, 41.3989844 ], [ 2.2156247, 41.3989969 ], [ 2.2156102, 41.3990099 ], [ 2.2155967, 41.3990209 ], [ 2.2155802, 41.3990323 ], [ 2.2155617, 41.3990432 ], [ 2.2155418, 41.3990507 ], [ 2.215522, 41.3990563 ], [ 2.2155039, 41.3990641 ], [ 2.2154863, 41.3990718 ], [ 2.2154646, 41.3990812 ], [ 2.2153997, 41.3991167 ], [ 2.2153888, 41.3991246 ], [ 2.2153741, 41.3991339 ], [ 2.21536, 41.3991426 ], [ 2.2153303, 41.3991613 ], [ 2.2153155, 41.3991769 ], [ 2.2153056, 41.3991917 ], [ 2.2152961, 41.399207 ], [ 2.215284, 41.3992209 ], [ 2.2152683, 41.3992318 ], [ 2.2152544, 41.3992415 ], [ 2.2152368, 41.3992525 ], [ 2.2152177, 41.3992625 ], [ 2.2151994, 41.3992697 ], [ 2.2151801, 41.3992772 ], [ 2.2151627, 41.3992848 ], [ 2.2151456, 41.3992952 ], [ 2.2151314, 41.3993066 ], [ 2.2151169, 41.3993191 ], [ 2.2151054, 41.3993288 ], [ 2.2150988, 41.3993388 ], [ 2.2150904, 41.39935 ], [ 2.2150847, 41.3993578 ], [ 2.215082, 41.3993604 ], [ 2.2150752, 41.3993648 ], [ 2.215069, 41.3993685 ], [ 2.2150586, 41.3993758 ], [ 2.2150528, 41.3993805 ], [ 2.2150426, 41.3993907 ], [ 2.2150323, 41.3994035 ], [ 2.2150167, 41.3994127 ], [ 2.2150076, 41.3994239 ], [ 2.2149975, 41.3994332 ], [ 2.2149832, 41.3994406 ], [ 2.2149757, 41.3994467 ], [ 2.2149625, 41.3994545 ], [ 2.2149467, 41.3994617 ], [ 2.2149407, 41.3994662 ], [ 2.2149304, 41.3994763 ], [ 2.2149278, 41.3994793 ], [ 2.2149235, 41.3994854 ], [ 2.2149193, 41.3994896 ], [ 2.214915, 41.3994921 ], [ 2.2149049, 41.3994959 ], [ 2.2148977, 41.399499 ], [ 2.2148808, 41.3995092 ], [ 2.2148687, 41.399522 ], [ 2.2148636, 41.3995249 ], [ 2.214852, 41.3995295 ], [ 2.2148443, 41.3995338 ], [ 2.214828, 41.3995481 ], [ 2.2148102, 41.3995617 ], [ 2.2147914, 41.3995754 ], [ 2.2147829, 41.3995821 ], [ 2.214762, 41.3995992 ], [ 2.2147575, 41.3996039 ], [ 2.21475, 41.3996142 ], [ 2.2147398, 41.3996283 ], [ 2.2147335, 41.3996348 ], [ 2.2147288, 41.3996386 ], [ 2.2147182, 41.3996456 ], [ 2.2147026, 41.3996541 ], [ 2.2146571, 41.3996767 ], [ 2.2146571, 41.3996767 ], [ 2.2146423, 41.3996857 ], [ 2.2146361, 41.3996912 ], [ 2.2146306, 41.3996998 ], [ 2.2146251, 41.3997121 ], [ 2.2146193, 41.3997188 ], [ 2.2146144, 41.3997226 ], [ 2.214607, 41.3997268 ], [ 2.214603, 41.3997285 ], [ 2.2145635, 41.3997435 ], [ 2.214562, 41.399744 ], [ 2.2149213, 41.4004756 ], [ 2.215295, 41.4010494 ], [ 2.2157127, 41.4015531 ], [ 2.2161479, 41.4019505 ], [ 2.2166141, 41.4022801 ], [ 2.2171703, 41.4025424 ], [ 2.2173408, 41.4025928 ], [ 2.2173426, 41.4025917 ], [ 2.2173649, 41.4025759 ], [ 2.2173649, 41.402576 ], [ 2.2173824, 41.4025649 ], [ 2.2174038, 41.4025491 ], [ 2.2174255, 41.4025327 ], [ 2.2174506, 41.4025157 ], [ 2.2174697, 41.4025056 ], [ 2.2174801, 41.4025025 ], [ 2.2174829, 41.4024983 ], [ 2.217483, 41.4024909 ], [ 2.2174895, 41.4024877 ], [ 2.2174967, 41.4024835 ], [ 2.2175041, 41.4024846 ], [ 2.2175064, 41.4024833 ], [ 2.2175134, 41.4024761 ], [ 2.2175211, 41.4024707 ], [ 2.2175305, 41.4024656 ], [ 2.2175397, 41.402461 ], [ 2.2175414, 41.4024582 ], [ 2.217555, 41.4024481 ], [ 2.2175847, 41.4024293 ], [ 2.2176082, 41.4024122 ], [ 2.217642, 41.4023889 ], [ 2.2176587, 41.4023804 ], [ 2.2176673, 41.4023711 ], [ 2.2176745, 41.4023671 ], [ 2.2176827, 41.4023658 ], [ 2.2176965, 41.4023539 ], [ 2.2177122, 41.4023423 ], [ 2.2177241, 41.4023354 ], [ 2.2177289, 41.4023329 ], [ 2.2177445, 41.4023212 ], [ 2.2177634, 41.4023092 ], [ 2.2177827, 41.4022987 ], [ 2.2177974, 41.4022875 ], [ 2.2178113, 41.4022786 ], [ 2.2178215, 41.4022752 ], [ 2.217825, 41.4022689 ], [ 2.2178328, 41.4022663 ], [ 2.2178409, 41.4022645 ], [ 2.2178433, 41.4022595 ], [ 2.2178618, 41.4022456 ], [ 2.2178719, 41.4022425 ], [ 2.2178753, 41.4022402 ], [ 2.2178783, 41.4022338 ], [ 2.2178956, 41.4022216 ], [ 2.2179133, 41.4022088 ], [ 2.2179423, 41.4021893 ], [ 2.2179698, 41.4021715 ], [ 2.2179889, 41.4021599 ], [ 2.2180195, 41.4021434 ], [ 2.2180395, 41.4021354 ], [ 2.218057, 41.4021287 ], [ 2.2180722, 41.4021149 ], [ 2.2180901, 41.4021006 ], [ 2.2181103, 41.4020847 ], [ 2.2181248, 41.4020727 ], [ 2.2181373, 41.4020669 ], [ 2.2181488, 41.4020652 ], [ 2.2181653, 41.4020596 ], [ 2.2181826, 41.4020498 ], [ 2.2182038, 41.402037 ], [ 2.2182144, 41.4020315 ], [ 2.2182232, 41.4020247 ], [ 2.2182331, 41.4020074 ], [ 2.2182357, 41.401995 ], [ 2.2182444, 41.4019886 ], [ 2.2182578, 41.4019843 ], [ 2.2182671, 41.4019755 ], [ 2.2182731, 41.4019645 ], [ 2.2182798, 41.4019616 ], [ 2.2182871, 41.4019524 ], [ 2.2183041, 41.4019359 ], [ 2.218319, 41.4019257 ], [ 2.2183419, 41.4019184 ], [ 2.2183575, 41.4019073 ], [ 2.2183732, 41.4018868 ], [ 2.2183877, 41.4018693 ], [ 2.2184, 41.4018553 ], [ 2.2184044, 41.401847 ], [ 2.218417, 41.4018345 ], [ 2.2184325, 41.4018234 ], [ 2.2184406, 41.4018246 ], [ 2.2184503, 41.4018235 ], [ 2.2184624, 41.4018119 ], [ 2.2184751, 41.4018011 ], [ 2.2184853, 41.4017994 ], [ 2.2184927, 41.4018026 ], [ 2.2184985, 41.4017981 ], [ 2.2185023, 41.401785 ], [ 2.2185058, 41.4017715 ], [ 2.2185212, 41.4017585 ], [ 2.21854, 41.4017483 ], [ 2.2185572, 41.4017422 ], [ 2.2185641, 41.4017353 ], [ 2.2185794, 41.4017336 ], [ 2.2185916, 41.4017309 ], [ 2.2186034, 41.4017243 ], [ 2.2186067, 41.4017195 ], [ 2.2186153, 41.401701 ], [ 2.2186232, 41.4016845 ], [ 2.2186367, 41.4016711 ], [ 2.2186544, 41.4016552 ], [ 2.2186694, 41.4016385 ], [ 2.2186743, 41.4016308 ], [ 2.2186879, 41.4016206 ], [ 2.2187082, 41.4016002 ], [ 2.2187276, 41.4015848 ], [ 2.2187489, 41.4015672 ], [ 2.2187663, 41.4015527 ], [ 2.2187779, 41.4015406 ], [ 2.2187905, 41.4015365 ], [ 2.2188056, 41.4015382 ], [ 2.2188159, 41.4015441 ], [ 2.2188235, 41.4015509 ], [ 2.2188315, 41.4015499 ], [ 2.2188385, 41.4015444 ], [ 2.2188513, 41.4015355 ], [ 2.218866, 41.4015331 ], [ 2.2188843, 41.4015274 ], [ 2.2188919, 41.4015217 ], [ 2.2189098, 41.4015157 ], [ 2.2189396, 41.4015071 ], [ 2.2189432, 41.4015091 ], [ 2.2189471, 41.4015145 ], [ 2.2189437, 41.4015219 ], [ 2.2189264, 41.401538 ], [ 2.218891, 41.4015649 ], [ 2.2188519, 41.4015938 ], [ 2.2187961, 41.4016383 ], [ 2.2187433, 41.4016852 ], [ 2.2187027, 41.4017239 ], [ 2.2186619, 41.4017626 ], [ 2.2186178, 41.4018006 ], [ 2.2185771, 41.4018316 ], [ 2.2185368, 41.4018642 ], [ 2.2184985, 41.4018963 ], [ 2.2184481, 41.4019411 ], [ 2.2184115, 41.4019756 ], [ 2.2183954, 41.4019961 ], [ 2.2183824, 41.4020127 ], [ 2.2183674, 41.4020134 ], [ 2.2183644, 41.4020178 ], [ 2.2183609, 41.4020283 ], [ 2.2183427, 41.4020438 ], [ 2.2183355, 41.4020568 ], [ 2.2183241, 41.4020752 ], [ 2.2183265, 41.4020842 ], [ 2.2183386, 41.4020862 ], [ 2.2183509, 41.4020885 ], [ 2.2183479, 41.4020953 ], [ 2.2183351, 41.402096 ], [ 2.2183189, 41.4020999 ], [ 2.2183084, 41.4021245 ], [ 2.2182864, 41.4021425 ], [ 2.2182555, 41.4021666 ], [ 2.2182336, 41.4021771 ], [ 2.2182164, 41.4021945 ], [ 2.2181917, 41.4022122 ], [ 2.2181725, 41.4022222 ], [ 2.218103, 41.4022727 ], [ 2.2180746, 41.4022875 ], [ 2.2180403, 41.4023114 ], [ 2.2179982, 41.4023466 ], [ 2.2179448, 41.4023884 ], [ 2.2179148, 41.4024108 ], [ 2.2178826, 41.4024327 ], [ 2.2178459, 41.4024554 ], [ 2.2178162, 41.402468 ], [ 2.2177923, 41.4024822 ], [ 2.2177589, 41.4024989 ], [ 2.217736, 41.4025119 ], [ 2.2177177, 41.4025231 ], [ 2.2177062, 41.4025235 ], [ 2.2176979, 41.4025331 ], [ 2.2176955, 41.4025481 ], [ 2.2176843, 41.4025619 ], [ 2.217662, 41.4025715 ], [ 2.2176359, 41.4025832 ], [ 2.2176088, 41.4025939 ], [ 2.2175899, 41.4026055 ], [ 2.2175813, 41.4026148 ], [ 2.2175697, 41.4026183 ], [ 2.2175652, 41.4026246 ], [ 2.2175594, 41.4026417 ], [ 2.2175417, 41.4026599 ], [ 2.2175243, 41.402673 ], [ 2.217496, 41.4026887 ], [ 2.2174752, 41.402701 ], [ 2.2174543, 41.4027176 ], [ 2.217429, 41.4027311 ], [ 2.2174004, 41.4027452 ], [ 2.2173884, 41.4027586 ], [ 2.2173729, 41.4027732 ], [ 2.2173479, 41.4027931 ], [ 2.217328, 41.4028037 ], [ 2.2173078, 41.4028118 ], [ 2.217291, 41.4028229 ], [ 2.2172801, 41.4028355 ], [ 2.2172602, 41.4028528 ], [ 2.217243, 41.4028598 ], [ 2.2172203, 41.4028735 ], [ 2.2171832, 41.4028965 ], [ 2.2171605, 41.402912 ], [ 2.2171539, 41.4029244 ], [ 2.2171512, 41.4029398 ], [ 2.2175649, 41.4035292 ], [ 2.2180007, 41.4039957 ], [ 2.218494, 41.4043827 ], [ 2.2188703, 41.4046033 ], [ 2.2192161, 41.4047803 ], [ 2.2198695, 41.4050179 ], [ 2.2199974, 41.4050488 ], [ 2.2201929, 41.4051399 ], [ 2.2203073, 41.405153 ], [ 2.2206942, 41.404863 ], [ 2.2206945, 41.4048628 ], [ 2.2210141, 41.4046233 ], [ 2.2210215, 41.4046177 ], [ 2.2217798, 41.4040495 ], [ 2.2218237, 41.4040165 ], [ 2.2221409, 41.4038814 ], [ 2.222153, 41.4038762 ], [ 2.2221035, 41.4038038 ], [ 2.2220569, 41.4037356 ], [ 2.22196, 41.4035977 ], [ 2.2219503, 41.4035474 ], [ 2.2220009, 41.4034949 ], [ 2.2220238, 41.4034895 ], [ 2.2220359, 41.4034908 ], [ 2.2220794, 41.4035035 ], [ 2.2221519, 41.4035247 ], [ 2.2221928, 41.4035493 ], [ 2.2222206, 41.403566 ], [ 2.2222256, 41.403571 ], [ 2.222462, 41.403805 ], [ 2.2226184, 41.4040436 ], [ 2.2226625, 41.4041258 ], [ 2.2227466, 41.4042807 ], [ 2.2227651, 41.4043149 ], [ 2.2229346, 41.4046259 ], [ 2.2230385, 41.4047579 ], [ 2.2230452, 41.4047664 ], [ 2.2230478, 41.4047697 ], [ 2.2231261, 41.4048796 ], [ 2.2232819, 41.4050107 ], [ 2.2233373, 41.4050729 ], [ 2.2233847, 41.4051457 ], [ 2.2234007, 41.405217 ], [ 2.2233903, 41.4052706 ], [ 2.2233871, 41.4052872 ], [ 2.2233792, 41.4052975 ], [ 2.2233553, 41.4053087 ], [ 2.2233109, 41.4053008 ], [ 2.2232628, 41.4052921 ], [ 2.223242, 41.4052852 ], [ 2.2232264, 41.4052714 ], [ 2.2232039, 41.4052456 ], [ 2.2231038, 41.4051679 ], [ 2.2228615, 41.40498 ], [ 2.2228509, 41.4049645 ], [ 2.2227657, 41.4048401 ], [ 2.2225719, 41.4045319 ], [ 2.2223722, 41.4041981 ], [ 2.2223055, 41.404137 ], [ 2.2222729, 41.4041098 ], [ 2.2222432, 41.4040893 ], [ 2.2222214, 41.404085 ], [ 2.2222075, 41.4040823 ], [ 2.2221746, 41.4040776 ], [ 2.2221327, 41.4040818 ], [ 2.2220667, 41.4041061 ], [ 2.2219758, 41.404151 ], [ 2.2219, 41.4042231 ], [ 2.2217203, 41.4043604 ], [ 2.221688, 41.4044067 ], [ 2.2217065, 41.4044411 ], [ 2.2217122, 41.4044628 ], [ 2.2217133, 41.4044669 ], [ 2.2217455, 41.4044847 ], [ 2.2215246, 41.4046991 ], [ 2.221488, 41.4046778 ], [ 2.2214552, 41.4046586 ], [ 2.2210139, 41.4050979 ], [ 2.2209875, 41.4051242 ], [ 2.2209715, 41.4051402 ], [ 2.2213475, 41.4054165 ], [ 2.2213492, 41.4054178 ], [ 2.2213735, 41.4053996 ], [ 2.221424, 41.4054386 ], [ 2.2214401, 41.4054511 ], [ 2.2214278, 41.4054606 ], [ 2.2214294, 41.4054619 ], [ 2.2214655, 41.4054902 ], [ 2.2215209, 41.4055336 ], [ 2.2218174, 41.4053153 ], [ 2.2218094, 41.4052962 ], [ 2.2218225, 41.4052627 ], [ 2.221803, 41.4052456 ], [ 2.2217767, 41.4052207 ], [ 2.2217612, 41.4052003 ], [ 2.2217508, 41.4051667 ], [ 2.2217507, 41.405148 ], [ 2.2217659, 41.4051124 ], [ 2.2217858, 41.4050935 ], [ 2.2218026, 41.4050834 ], [ 2.2218466, 41.4050666 ], [ 2.2218865, 41.4050633 ], [ 2.2219233, 41.4050753 ], [ 2.2220849, 41.4051873 ], [ 2.2221701, 41.4052567 ], [ 2.2222692, 41.4053431 ], [ 2.2223159, 41.4053241 ], [ 2.2224026, 41.4053107 ], [ 2.2224219, 41.4053101 ], [ 2.2224481, 41.4053369 ], [ 2.2224937, 41.4053511 ], [ 2.2225659, 41.405363 ], [ 2.22268, 41.4053934 ], [ 2.2227864, 41.4055391 ], [ 2.2228641, 41.4056377 ], [ 2.2229075, 41.4057419 ], [ 2.2230757, 41.405837 ], [ 2.2231711, 41.4060092 ], [ 2.2234333, 41.4061794 ], [ 2.2235492, 41.4061705 ], [ 2.2236516, 41.4061857 ], [ 2.2237612, 41.4062459 ], [ 2.2238405, 41.4062365 ], [ 2.2238578, 41.4062398 ], [ 2.2238645, 41.4062463 ], [ 2.2238948, 41.4063042 ], [ 2.2239353, 41.4063203 ], [ 2.2240633, 41.4062385 ], [ 2.2242036, 41.4061812 ], [ 2.2243277, 41.406167 ], [ 2.2244403, 41.4061972 ], [ 2.2244904, 41.4062297 ], [ 2.2245267, 41.4062622 ], [ 2.2245462, 41.4062854 ], [ 2.2246444, 41.4064071 ], [ 2.2246861, 41.4064702 ], [ 2.2247855, 41.4064316 ], [ 2.2249188, 41.4064269 ], [ 2.2249668, 41.4063811 ], [ 2.2250551, 41.4063364 ], [ 2.2251109, 41.4063201 ], [ 2.2251146, 41.4063098 ], [ 2.2251303, 41.4062735 ], [ 2.2251497, 41.4062559 ], [ 2.2252123, 41.4062047 ], [ 2.2252476, 41.4061759 ], [ 2.2253317, 41.4061001 ], [ 2.2253743, 41.4060618 ], [ 2.2254155, 41.4060209 ], [ 2.2255002, 41.4059553 ], [ 2.2256008, 41.4059453 ], [ 2.2256319, 41.4059422 ], [ 2.2256414, 41.4059413 ], [ 2.2257173, 41.4059672 ], [ 2.2257469, 41.4059854 ], [ 2.225774, 41.4060129 ], [ 2.2257801, 41.406019 ], [ 2.2257994, 41.4060533 ], [ 2.2258043, 41.4060957 ], [ 2.2258064, 41.4061233 ], [ 2.2258017, 41.4061403 ], [ 2.2257985, 41.4061519 ], [ 2.2257591, 41.4062491 ], [ 2.2257527, 41.4062566 ], [ 2.2257525, 41.4062569 ], [ 2.2256914, 41.4063291 ], [ 2.2256386, 41.4063722 ], [ 2.2254158, 41.4064929 ], [ 2.2253932, 41.4065052 ], [ 2.2253572, 41.4065239 ], [ 2.2253175, 41.4065347 ], [ 2.2252866, 41.406543 ], [ 2.224784, 41.4069331 ], [ 2.2247789, 41.4069371 ], [ 2.2248685, 41.4070832 ], [ 2.2250012, 41.4073009 ], [ 2.2250119, 41.4073172 ], [ 2.2250207, 41.4073305 ], [ 2.2250241, 41.4073355 ], [ 2.2253655, 41.4070921 ], [ 2.2253917, 41.4070734 ], [ 2.2254607, 41.4070242 ], [ 2.2254699, 41.4070176 ], [ 2.2254717, 41.4070164 ], [ 2.2254667, 41.4070123 ], [ 2.2254389, 41.4069894 ], [ 2.2254323, 41.4069734 ], [ 2.2254297, 41.406967 ], [ 2.2254275, 41.4069616 ], [ 2.2254739, 41.4069165 ], [ 2.2255926, 41.4068261 ], [ 2.225595, 41.4068243 ], [ 2.2255986, 41.4068189 ], [ 2.2256554, 41.4067334 ], [ 2.2258371, 41.4066316 ], [ 2.2258479, 41.4066255 ], [ 2.2258618, 41.4066196 ], [ 2.2258832, 41.4066109 ], [ 2.225953, 41.4066087 ], [ 2.2260599, 41.4066112 ], [ 2.2260948, 41.406622 ], [ 2.2261226, 41.4066498 ], [ 2.2261816, 41.4066932 ], [ 2.2261992, 41.4067062 ], [ 2.2262055, 41.4067698 ], [ 2.2262077, 41.4068183 ], [ 2.2262028, 41.4068261 ], [ 2.2261982, 41.4068334 ], [ 2.226164, 41.4068881 ], [ 2.2261291, 41.4068942 ], [ 2.2261032, 41.4068987 ], [ 2.2260645, 41.4069268 ], [ 2.2260636, 41.4069274 ], [ 2.2260385, 41.4069398 ], [ 2.2260361, 41.4069411 ], [ 2.2260388, 41.4069439 ], [ 2.2260619, 41.4069674 ], [ 2.2260655, 41.4069741 ], [ 2.2261067, 41.4070482 ], [ 2.2261204, 41.407083 ], [ 2.2261215, 41.4070833 ], [ 2.2261586, 41.4070947 ], [ 2.2261629, 41.4071111 ], [ 2.2261582, 41.4071766 ], [ 2.2261579, 41.4071803 ], [ 2.2261573, 41.4071887 ], [ 2.2261611, 41.4072129 ], [ 2.2261435, 41.4072229 ], [ 2.2261328, 41.4072162 ], [ 2.226066, 41.4071745 ], [ 2.2260531, 41.4071825 ], [ 2.2260925, 41.4072325 ], [ 2.2261097, 41.4072543 ], [ 2.2261973, 41.4073185 ], [ 2.2262196, 41.4073599 ], [ 2.2262281, 41.4073594 ], [ 2.2262658, 41.407336 ], [ 2.2262683, 41.4073344 ], [ 2.2262671, 41.4073286 ], [ 2.2262662, 41.4073138 ], [ 2.2262703, 41.4072979 ], [ 2.2262815, 41.4072727 ], [ 2.2263132, 41.4072377 ], [ 2.226321, 41.4072283 ], [ 2.2263376, 41.4072254 ], [ 2.2263479, 41.4072149 ], [ 2.2263507, 41.4072028 ], [ 2.2263413, 41.4071765 ], [ 2.2263427, 41.4071699 ], [ 2.2263445, 41.407162 ], [ 2.2263665, 41.4071403 ], [ 2.2263835, 41.4071236 ], [ 2.226392, 41.4071126 ], [ 2.2264032, 41.4071032 ], [ 2.2264186, 41.4070902 ], [ 2.2264376, 41.4070878 ], [ 2.2264588, 41.4070874 ], [ 2.226459, 41.4070875 ], [ 2.2264626, 41.4070894 ], [ 2.2264753, 41.407096 ], [ 2.2264833, 41.4071105 ], [ 2.2264872, 41.4071236 ], [ 2.2265113, 41.4071341 ], [ 2.2265187, 41.4071487 ], [ 2.2265212, 41.4071662 ], [ 2.2265111, 41.4071717 ], [ 2.2264937, 41.407181 ], [ 2.2264863, 41.4071893 ], [ 2.2264845, 41.4071914 ], [ 2.2264854, 41.4072038 ], [ 2.2264936, 41.4072182 ], [ 2.2265173, 41.4072388 ], [ 2.2265117, 41.4072612 ], [ 2.2264851, 41.4072864 ], [ 2.226502, 41.4073271 ], [ 2.2265036, 41.4073309 ], [ 2.2265372, 41.4074542 ], [ 2.2265407, 41.4074671 ], [ 2.2265405, 41.4075162 ], [ 2.2265211, 41.4076282 ], [ 2.2265187, 41.4076468 ], [ 2.2265105, 41.4076573 ], [ 2.2264938, 41.4076577 ], [ 2.2264817, 41.4076558 ], [ 2.2264784, 41.4076554 ], [ 2.2264736, 41.4076646 ], [ 2.2264758, 41.4076689 ], [ 2.2264871, 41.4076916 ], [ 2.2265071, 41.4077016 ], [ 2.2265213, 41.4077118 ], [ 2.226559, 41.4077568 ], [ 2.2265989, 41.4077666 ], [ 2.2266186, 41.4077744 ], [ 2.2266261, 41.4077877 ], [ 2.2266333, 41.4078246 ], [ 2.2266661, 41.4078639 ], [ 2.2267002, 41.4078791 ], [ 2.226741, 41.4078762 ], [ 2.2267456, 41.4078467 ], [ 2.2267669, 41.407796 ], [ 2.2268103, 41.4076997 ], [ 2.2268112, 41.4076978 ], [ 2.2268085, 41.4076954 ], [ 2.2267999, 41.4076874 ], [ 2.2267918, 41.4076749 ], [ 2.2267914, 41.4076725 ], [ 2.22679, 41.4076618 ], [ 2.2267993, 41.4076433 ], [ 2.2268066, 41.4076289 ], [ 2.226817, 41.4076157 ], [ 2.2268347, 41.4076106 ], [ 2.2268667, 41.4076013 ], [ 2.226904, 41.4076123 ], [ 2.2269048, 41.4076128 ], [ 2.2269263, 41.4076277 ], [ 2.2269372, 41.4076445 ], [ 2.2269473, 41.4076686 ], [ 2.226947, 41.4077035 ], [ 2.226955, 41.4077192 ], [ 2.2269708, 41.4077506 ], [ 2.2269938, 41.4077959 ], [ 2.2270139, 41.4078455 ], [ 2.2270213, 41.407889 ], [ 2.2270201, 41.4079145 ], [ 2.2270117, 41.4079602 ], [ 2.227011, 41.4079639 ], [ 2.2270003, 41.4079776 ], [ 2.226974, 41.407994 ], [ 2.2269675, 41.407998 ], [ 2.2269663, 41.4079983 ], [ 2.2269502, 41.408002 ], [ 2.2269358, 41.4080109 ], [ 2.2269292, 41.4080285 ], [ 2.2269351, 41.4080434 ], [ 2.226935, 41.4080584 ], [ 2.226935, 41.4080603 ], [ 2.2269203, 41.4080725 ], [ 2.2269067, 41.4080811 ], [ 2.2269074, 41.4080835 ], [ 2.2269101, 41.4080924 ], [ 2.2269167, 41.4081144 ], [ 2.2269741, 41.4081661 ], [ 2.2270001, 41.4081877 ], [ 2.2270192, 41.4081951 ], [ 2.2270219, 41.4081888 ], [ 2.2270333, 41.4081629 ], [ 2.2270471, 41.4081342 ], [ 2.2270574, 41.4081239 ], [ 2.2270746, 41.4081171 ], [ 2.2271103, 41.408103 ], [ 2.2271174, 41.4081005 ], [ 2.2271672, 41.4080825 ], [ 2.2271837, 41.4080791 ], [ 2.2271999, 41.4080779 ], [ 2.227267, 41.4080743 ], [ 2.2273587, 41.4080801 ], [ 2.2274202, 41.4080917 ], [ 2.2274211, 41.4080919 ], [ 2.227425, 41.4080938 ], [ 2.2274319, 41.4081001 ], [ 2.2274328, 41.408101 ], [ 2.2274372, 41.4081051 ], [ 2.2274514, 41.4081202 ], [ 2.2274778, 41.4081533 ], [ 2.2274899, 41.408173 ], [ 2.2275292, 41.4082775 ], [ 2.2275303, 41.4082807 ], [ 2.2275488, 41.4083323 ], [ 2.2275819, 41.4083606 ], [ 2.2276369, 41.4084076 ], [ 2.2277033, 41.408555 ], [ 2.2277495, 41.4086291 ], [ 2.2278052, 41.4086892 ], [ 2.2278462, 41.4087466 ], [ 2.2278713, 41.4087891 ], [ 2.2278909, 41.4088331 ], [ 2.2279083, 41.4088722 ], [ 2.2279288, 41.4088969 ], [ 2.2279451, 41.4089164 ], [ 2.2279649, 41.4089402 ], [ 2.2279951, 41.4089764 ], [ 2.2279977, 41.4089801 ], [ 2.2280019, 41.408986 ], [ 2.2280024, 41.4089867 ], [ 2.2280046, 41.4089948 ], [ 2.2280175, 41.409043 ], [ 2.2280295, 41.4091221 ], [ 2.22804, 41.4091909 ], [ 2.228045, 41.409224 ], [ 2.2280422, 41.4092392 ], [ 2.2280321, 41.4092946 ], [ 2.2280275, 41.4093195 ], [ 2.2280125, 41.4093751 ], [ 2.2279919, 41.4094224 ], [ 2.2279526, 41.4095126 ], [ 2.2279392, 41.4095434 ], [ 2.2278871, 41.409614 ], [ 2.2278859, 41.4096155 ], [ 2.2278439, 41.4096193 ], [ 2.227786, 41.4096246 ], [ 2.2277853, 41.4096245 ], [ 2.2277481, 41.4096218 ], [ 2.2277195, 41.4096163 ], [ 2.2277118, 41.409614 ], [ 2.2277025, 41.4096073 ], [ 2.2276933, 41.4095823 ], [ 2.2276926, 41.4095804 ], [ 2.2275033, 41.409409 ], [ 2.2273692, 41.4089861 ], [ 2.2272438, 41.4089481 ], [ 2.2269801, 41.408411 ], [ 2.2270097, 41.4083531 ], [ 2.2270526, 41.4082753 ], [ 2.2270485, 41.408275 ], [ 2.2270376, 41.4082742 ], [ 2.2270234, 41.4082726 ], [ 2.2270139, 41.4082761 ], [ 2.2269993, 41.4082838 ], [ 2.2269829, 41.4082745 ], [ 2.2269682, 41.4082687 ], [ 2.2269403, 41.4082686 ], [ 2.2269236, 41.4082639 ], [ 2.226918, 41.4082596 ], [ 2.226908, 41.408263 ], [ 2.2268909, 41.4082522 ], [ 2.2268845, 41.4082238 ], [ 2.2268829, 41.4082027 ], [ 2.2268668, 41.4081933 ], [ 2.2268551, 41.4081862 ], [ 2.2268452, 41.4081674 ], [ 2.2268387, 41.4081543 ], [ 2.2268263, 41.4081422 ], [ 2.2268156, 41.4081295 ], [ 2.2268084, 41.4081212 ], [ 2.2267997, 41.4081085 ], [ 2.2267982, 41.4080908 ], [ 2.226807, 41.4080766 ], [ 2.226807, 41.4080766 ], [ 2.2268191, 41.4080651 ], [ 2.2268247, 41.4080529 ], [ 2.2268205, 41.4080395 ], [ 2.2268091, 41.4080351 ], [ 2.2267954, 41.4080336 ], [ 2.2267758, 41.4080294 ], [ 2.2267709, 41.4080211 ], [ 2.2267724, 41.4080108 ], [ 2.2267791, 41.4079993 ], [ 2.2267811, 41.4079864 ], [ 2.2267689, 41.4079813 ], [ 2.2267583, 41.4079814 ], [ 2.2267458, 41.4079705 ], [ 2.226734, 41.407961 ], [ 2.2267208, 41.4079504 ], [ 2.2267056, 41.4079471 ], [ 2.2266929, 41.4079484 ], [ 2.2266809, 41.4079425 ], [ 2.2266718, 41.4079328 ], [ 2.2266523, 41.407924 ], [ 2.2266324, 41.407919 ], [ 2.2266153, 41.4079065 ], [ 2.2265889, 41.4078974 ], [ 2.2265681, 41.4078858 ], [ 2.2265508, 41.40787 ], [ 2.2265403, 41.4078604 ], [ 2.2265227, 41.4078443 ], [ 2.2265108, 41.4078334 ], [ 2.226497, 41.4078204 ], [ 2.2264804, 41.4078046 ], [ 2.2264638, 41.4077887 ], [ 2.2264407, 41.4077671 ], [ 2.2264411, 41.4077527 ], [ 2.2264446, 41.407735 ], [ 2.2264473, 41.4077211 ], [ 2.2264394, 41.4077124 ], [ 2.2264329, 41.4077032 ], [ 2.2264282, 41.4076898 ], [ 2.2264268, 41.4076648 ], [ 2.2264217, 41.4076418 ], [ 2.2264124, 41.407621 ], [ 2.2264021, 41.4076072 ], [ 2.2263881, 41.4076013 ], [ 2.2263835, 41.4075897 ], [ 2.2263791, 41.4075741 ], [ 2.2263728, 41.4075631 ], [ 2.2263554, 41.4075558 ], [ 2.2263414, 41.4075474 ], [ 2.2263319, 41.4075311 ], [ 2.2263234, 41.4075185 ], [ 2.2263152, 41.4075074 ], [ 2.2263048, 41.4074985 ], [ 2.2262888, 41.4074917 ], [ 2.2262786, 41.4074808 ], [ 2.2262724, 41.4074729 ], [ 2.2262723, 41.4074424 ], [ 2.2262751, 41.4074297 ], [ 2.2262256, 41.407429 ], [ 2.2261938, 41.4074287 ], [ 2.2261725, 41.4074091 ], [ 2.2261431, 41.4073922 ], [ 2.2261245, 41.4074016 ], [ 2.2260966, 41.4073808 ], [ 2.2261063, 41.4073678 ], [ 2.2260627, 41.4073519 ], [ 2.2260874, 41.4073103 ], [ 2.2260685, 41.4072858 ], [ 2.2260553, 41.407288 ], [ 2.2260408, 41.4072709 ], [ 2.2260516, 41.4072627 ], [ 2.2260097, 41.4072262 ], [ 2.2259725, 41.407146 ], [ 2.2258947, 41.4071387 ], [ 2.2258941, 41.407107 ], [ 2.2258369, 41.4070962 ], [ 2.225836, 41.4070878 ], [ 2.2258109, 41.407086 ], [ 2.2257821, 41.4070985 ], [ 2.2257672, 41.4071 ], [ 2.2257457, 41.4070967 ], [ 2.2257311, 41.4071075 ], [ 2.2257341, 41.4071294 ], [ 2.2257081, 41.4071485 ], [ 2.2256745, 41.407146 ], [ 2.2256394, 41.4071714 ], [ 2.2255882, 41.4072114 ], [ 2.2255366, 41.407246 ], [ 2.2255024, 41.4072754 ], [ 2.2254317, 41.4073173 ], [ 2.2254266, 41.4073199 ], [ 2.2254268, 41.4073203 ], [ 2.2254272, 41.4073208 ], [ 2.2255994, 41.4075868 ], [ 2.2257211, 41.4077754 ], [ 2.2258285, 41.4079434 ], [ 2.2258139, 41.407778 ], [ 2.2258186, 41.4077712 ], [ 2.2258268, 41.4077649 ], [ 2.2258375, 41.4077609 ], [ 2.2259301, 41.4077422 ], [ 2.2259383, 41.407744 ], [ 2.2259475, 41.4077493 ], [ 2.2260791, 41.4078883 ], [ 2.2260825, 41.4078954 ], [ 2.2260826, 41.4079015 ], [ 2.2260767, 41.4079087 ], [ 2.2260584, 41.4079227 ], [ 2.22595, 41.4080052 ], [ 2.2258972, 41.4080454 ], [ 2.2260834, 41.4083339 ], [ 2.226176, 41.408476 ], [ 2.2261843, 41.4084754 ], [ 2.2262273, 41.4084876 ], [ 2.2262579, 41.4085134 ], [ 2.2262683, 41.408538 ], [ 2.2262485, 41.4085427 ], [ 2.2262317, 41.4085178 ], [ 2.2261773, 41.4084998 ], [ 2.2261329, 41.4085059 ], [ 2.2261163, 41.408537 ], [ 2.2261513, 41.4085618 ], [ 2.2262109, 41.408548 ], [ 2.2262188, 41.4085607 ], [ 2.2261634, 41.4085803 ], [ 2.226144, 41.4085757 ], [ 2.2261455, 41.408578 ], [ 2.2263569, 41.4089038 ], [ 2.226378, 41.4089054 ], [ 2.22641, 41.4086558 ], [ 2.2264102, 41.4086539 ], [ 2.2264111, 41.4086479 ], [ 2.2264085, 41.4086489 ], [ 2.2263827, 41.4086588 ], [ 2.2263745, 41.4086605 ], [ 2.2263645, 41.4086599 ], [ 2.2263547, 41.4086574 ], [ 2.2263464, 41.4086527 ], [ 2.226339, 41.4086458 ], [ 2.2262578, 41.4084665 ], [ 2.226253, 41.4084537 ], [ 2.2262531, 41.4084489 ], [ 2.2262546, 41.4084431 ], [ 2.2262567, 41.4084378 ], [ 2.2262613, 41.4084332 ], [ 2.2262661, 41.4084297 ], [ 2.2262716, 41.4084266 ], [ 2.226359, 41.4083951 ], [ 2.2263678, 41.4083943 ], [ 2.2263782, 41.408395 ], [ 2.2263886, 41.4083977 ], [ 2.2263949, 41.4084013 ], [ 2.2264025, 41.4084088 ], [ 2.2264375, 41.4084563 ], [ 2.2265331, 41.4085772 ], [ 2.2265358, 41.4085838 ], [ 2.226536, 41.4085903 ], [ 2.2265337, 41.4085964 ], [ 2.226529, 41.408603 ], [ 2.2265219, 41.4086076 ], [ 2.2265097, 41.4086129 ], [ 2.2264505, 41.4086338 ], [ 2.2264174, 41.4088958 ], [ 2.2266378, 41.4092366 ], [ 2.2267553, 41.409319 ], [ 2.2267701, 41.4093326 ], [ 2.2267708, 41.4093333 ], [ 2.2267816, 41.4093453 ], [ 2.2267923, 41.4093616 ], [ 2.2268005, 41.4093779 ], [ 2.2268079, 41.4093989 ], [ 2.22681, 41.4094151 ], [ 2.2268086, 41.4094315 ], [ 2.2268047, 41.4094493 ], [ 2.2267771, 41.4095506 ], [ 2.2267469, 41.4096568 ], [ 2.2272135, 41.4103775 ], [ 2.2232507, 41.4119875 ], [ 2.2231136, 41.4120556 ], [ 2.2228803, 41.4121606 ], [ 2.2227945, 41.4123169 ], [ 2.2209756, 41.4130781 ], [ 2.2213683, 41.4135138 ], [ 2.2208843, 41.413774 ], [ 2.2206502, 41.4139496 ], [ 2.2204428, 41.4141666 ], [ 2.2194137, 41.4155975 ], [ 2.2181936, 41.4172937 ], [ 2.217792, 41.4169891 ], [ 2.2160932, 41.4182667 ], [ 2.2163211, 41.4184374 ], [ 2.2155521, 41.4190163 ], [ 2.2151253, 41.4193443 ], [ 2.2150358, 41.4194132 ], [ 2.2140211, 41.4201726 ], [ 2.2137868, 41.4199997 ], [ 2.2137386, 41.4200359 ], [ 2.2125895, 41.4208983 ], [ 2.2124772, 41.4208139 ], [ 2.2119662, 41.4211977 ], [ 2.2119373, 41.4211756 ], [ 2.2112789, 41.421671 ], [ 2.2118151, 41.4220723 ], [ 2.2116101, 41.4222272 ], [ 2.2115115, 41.4223164 ], [ 2.2114461, 41.4223756 ], [ 2.2113226, 41.4225653 ], [ 2.2111305, 41.4232124 ], [ 2.2109494, 41.4234691 ], [ 2.2107722, 41.4236344 ], [ 2.2106039, 41.4237588 ], [ 2.2103681, 41.4238913 ], [ 2.2100515, 41.4240304 ], [ 2.2098015, 41.4241736 ], [ 2.2095992, 41.4243439 ], [ 2.2094947, 41.4244722 ], [ 2.2093717, 41.4247225 ], [ 2.2093148, 41.4249825 ], [ 2.2092573, 41.4251867 ], [ 2.2090872, 41.4253447 ], [ 2.2086585, 41.4250227 ], [ 2.2084912, 41.4251489 ], [ 2.2084347, 41.4251758 ], [ 2.2083953, 41.4251576 ], [ 2.208361, 41.4251423 ], [ 2.2083213, 41.4251249 ], [ 2.2082807, 41.425109 ], [ 2.2082401, 41.4250946 ], [ 2.2081779, 41.4250741 ], [ 2.2080995, 41.4250514 ], [ 2.2080614, 41.4250414 ], [ 2.2079763, 41.4250226 ], [ 2.2077715, 41.4249862 ], [ 2.2075396, 41.4250019 ], [ 2.2072988, 41.4251833 ], [ 2.206766, 41.4254224 ], [ 2.2060671, 41.4256125 ], [ 2.2061397, 41.4258011 ], [ 2.206353, 41.4260491 ], [ 2.2064631, 41.4264015 ], [ 2.2067611, 41.4267524 ], [ 2.206976, 41.4266497 ], [ 2.2073641, 41.4271113 ], [ 2.2068385, 41.4273609 ], [ 2.2070242, 41.4275836 ], [ 2.2072973, 41.4279112 ], [ 2.2073519, 41.4279767 ], [ 2.2072785, 41.4280117 ], [ 2.2073611, 41.4281066 ], [ 2.2073434, 41.428115 ], [ 2.2073287, 41.4282378 ], [ 2.2072899, 41.4284359 ], [ 2.2072736, 41.4286547 ], [ 2.2072753, 41.4287874 ], [ 2.2071387, 41.428854 ], [ 2.2073238, 41.4290682 ], [ 2.2072492, 41.4291047 ], [ 2.20701, 41.4296793 ], [ 2.2069209, 41.4299129 ], [ 2.2070076, 41.4300137 ], [ 2.2065403, 41.4302424 ], [ 2.2067967, 41.4305371 ], [ 2.2067239, 41.4305729 ], [ 2.2066726, 41.430581 ], [ 2.2064831, 41.4310807 ], [ 2.2063661, 41.4315372 ], [ 2.2061712, 41.4322712 ], [ 2.2064708, 41.4326407 ], [ 2.2067855, 41.4327421 ], [ 2.2072624, 41.4328956 ], [ 2.2072774, 41.4328882 ], [ 2.2074318, 41.432948 ], [ 2.2074785, 41.4329527 ], [ 2.2077196, 41.4330316 ], [ 2.2080169, 41.4331179 ], [ 2.2080414, 41.4331309 ], [ 2.2081931, 41.4331444 ], [ 2.2084071, 41.4331758 ], [ 2.2085523, 41.4331612 ], [ 2.2095455, 41.4332364 ], [ 2.2096049, 41.4332536 ], [ 2.2097529, 41.4332727 ], [ 2.209887, 41.4332816 ], [ 2.2099263, 41.4332962 ], [ 2.2107592, 41.4334303 ], [ 2.2106637, 41.4335991 ], [ 2.2104594, 41.4339673 ], [ 2.2103046, 41.4342484 ], [ 2.2101665, 41.434518 ], [ 2.2100972, 41.4346617 ], [ 2.20998, 41.4349109 ], [ 2.2098876, 41.435117 ], [ 2.2098049, 41.4353118 ], [ 2.2097463, 41.4354585 ], [ 2.2097066, 41.435555 ], [ 2.2096271, 41.4357593 ], [ 2.2095378, 41.4360099 ], [ 2.2094763, 41.436192 ], [ 2.2094109, 41.4363859 ], [ 2.2086254, 41.4391901 ], [ 2.2086181, 41.4392171 ], [ 2.2084683, 41.4397703 ], [ 2.208401, 41.4399963 ], [ 2.2083468, 41.4401645 ], [ 2.2082904, 41.4403322 ], [ 2.2082256, 41.4405152 ], [ 2.2081565, 41.4406974 ], [ 2.2080938, 41.4408526 ], [ 2.2079907, 41.4410962 ], [ 2.2079516, 41.4411848 ], [ 2.2079111, 41.4412731 ], [ 2.2078303, 41.4414422 ], [ 2.2077496, 41.4416038 ], [ 2.2076624, 41.4417736 ], [ 2.2076157, 41.4418625 ], [ 2.2075677, 41.4419512 ], [ 2.2074705, 41.4421231 ], [ 2.2073724, 41.4422898 ], [ 2.2073222, 41.4423729 ], [ 2.2071941, 41.4425765 ], [ 2.2070631, 41.4427792 ], [ 2.2069434, 41.4429621 ], [ 2.2068346, 41.4431161 ], [ 2.206298, 41.4438076 ], [ 2.206133, 41.4440002 ], [ 2.2058813, 41.444283 ], [ 2.2056055, 41.4445777 ], [ 2.2053092, 41.4448906 ], [ 2.2049883, 41.4452268 ], [ 2.2041084, 41.4461558 ], [ 2.2038635, 41.4464162 ], [ 2.2034114, 41.4468909 ], [ 2.2033182, 41.4469896 ], [ 2.2032108, 41.4471033 ], [ 2.2019867, 41.4483462 ], [ 2.2019422, 41.4483914 ], [ 2.2018297, 41.4485043 ], [ 2.2013189, 41.4490098 ], [ 2.2007015, 41.449621 ], [ 2.2001772, 41.4501365 ], [ 2.199573, 41.4507249 ], [ 2.1991813, 41.4510671 ], [ 2.1984765, 41.4516693 ], [ 2.1981061, 41.4519809 ], [ 2.1977126, 41.4522759 ], [ 2.1969935, 41.4527853 ], [ 2.1952775, 41.4539895 ], [ 2.1946907, 41.4544046 ], [ 2.1945062, 41.4545351 ], [ 2.1938003, 41.4550451 ], [ 2.1923281, 41.4561048 ], [ 2.1917056, 41.4565547 ], [ 2.1913113, 41.4568512 ], [ 2.1909557, 41.4571391 ], [ 2.1906166, 41.4574331 ], [ 2.1901483, 41.4578741 ], [ 2.1897866, 41.458219 ], [ 2.1893654, 41.4586386 ], [ 2.1890145, 41.4590387 ], [ 2.1888347, 41.4592666 ], [ 2.188609, 41.4595835 ], [ 2.1884595, 41.4598174 ], [ 2.1883285, 41.460045 ], [ 2.1881988, 41.4602926 ], [ 2.1880561, 41.4605986 ], [ 2.1879614, 41.4608323 ], [ 2.1878732, 41.461079 ], [ 2.1877979, 41.4613098 ], [ 2.187717, 41.4616175 ], [ 2.1876812, 41.4618017 ], [ 2.1876465, 41.4620785 ], [ 2.1876413, 41.4621196 ], [ 2.18764, 41.4621306 ], [ 2.1874537, 41.4637956 ], [ 2.1873802, 41.4644799 ], [ 2.1871816, 41.4662865 ], [ 2.187111, 41.4671062 ], [ 2.1870605, 41.4677168 ], [ 2.1858026, 41.4677576 ], [ 2.1857382, 41.467761 ], [ 2.185382, 41.4677951 ], [ 2.1845831, 41.4681967 ], [ 2.1844218, 41.4682455 ], [ 2.1841691, 41.4682836 ], [ 2.184065, 41.4682976 ], [ 2.1837854, 41.4682965 ], [ 2.183623, 41.468275 ], [ 2.1834709, 41.468227 ], [ 2.183101, 41.4681635 ], [ 2.1826739, 41.4680522 ], [ 2.1823889, 41.4679965 ], [ 2.1820221, 41.467952 ], [ 2.1818919, 41.4679135 ], [ 2.1816873, 41.467843 ], [ 2.1806928, 41.4676732 ], [ 2.1805105, 41.4676587 ], [ 2.1797943, 41.4676187 ], [ 2.1794133, 41.467594 ], [ 2.1786949, 41.4681842 ], [ 2.1786403, 41.4679468 ], [ 2.1786059, 41.467688 ], [ 2.1786097, 41.4674205 ], [ 2.1786714, 41.4670844 ], [ 2.1787888, 41.4668003 ], [ 2.1789356, 41.4665347 ], [ 2.1791667, 41.4662139 ], [ 2.1793357, 41.4660239 ], [ 2.1794656, 41.4658777 ], [ 2.1798443, 41.4655056 ], [ 2.1801373, 41.4652691 ], [ 2.1804212, 41.4650885 ], [ 2.1807119, 41.4649403 ], [ 2.1802537, 41.4648279 ], [ 2.1791239, 41.464551 ], [ 2.1788554, 41.4644852 ], [ 2.1786227, 41.4644432 ], [ 2.1784327, 41.4643993 ], [ 2.1781262, 41.4643333 ], [ 2.1778028, 41.4642433 ], [ 2.1774646, 41.4641615 ], [ 2.1772551, 41.4641515 ], [ 2.1770773, 41.464145 ], [ 2.1769576, 41.4641324 ], [ 2.1769205, 41.4640922 ], [ 2.1766185, 41.4640528 ], [ 2.1762512, 41.4639901 ], [ 2.1762107, 41.4639446 ], [ 2.1761728, 41.463928 ], [ 2.1759908, 41.463858 ], [ 2.1757304, 41.463733 ], [ 2.1756215, 41.4637509 ], [ 2.1749159, 41.4638522 ], [ 2.174878, 41.4636993 ], [ 2.1747801, 41.4636435 ], [ 2.1745244, 41.463484 ], [ 2.1743521, 41.463484 ], [ 2.1743275, 41.4632295 ], [ 2.1743573, 41.463016 ], [ 2.1743545, 41.4629717 ], [ 2.1742798, 41.4628195 ], [ 2.1742483, 41.4627319 ], [ 2.1741693, 41.4626372 ], [ 2.1740737, 41.4625637 ], [ 2.1739959, 41.4625395 ], [ 2.1738427, 41.4625293 ], [ 2.1737604, 41.4625352 ], [ 2.1737058, 41.4625037 ], [ 2.1734027, 41.4623285 ], [ 2.1729387, 41.4620572 ], [ 2.1726462, 41.4618689 ], [ 2.1725482, 41.4617664 ], [ 2.172386, 41.4616558 ], [ 2.1721344, 41.4614428 ], [ 2.1719, 41.4612709 ], [ 2.1717491, 41.461205 ], [ 2.17172, 41.4611666 ], [ 2.1716949, 41.4611376 ], [ 2.1716455, 41.4611097 ], [ 2.1715239, 41.4609629 ], [ 2.1714251, 41.4608757 ], [ 2.1714051, 41.460822 ], [ 2.1712235, 41.4612134 ], [ 2.1708205, 41.4610827 ], [ 2.1706418, 41.4610237 ], [ 2.1705001, 41.4609621 ], [ 2.1700189, 41.4608443 ], [ 2.1700119, 41.4607543 ], [ 2.169549, 41.4606771 ], [ 2.169409, 41.460635 ], [ 2.1692874, 41.4606302 ], [ 2.1690987, 41.4605509 ], [ 2.1684294, 41.46032 ], [ 2.1683182, 41.4602849 ], [ 2.1682963, 41.4603383 ], [ 2.1682827, 41.4603951 ], [ 2.1682675, 41.4604966 ], [ 2.1682584, 41.4606025 ], [ 2.1682629, 41.4606972 ], [ 2.1682073, 41.4607009 ], [ 2.1681438, 41.460704 ], [ 2.1673254, 41.4606803 ], [ 2.1673012, 41.4606188 ], [ 2.1672542, 41.4605072 ], [ 2.1672418, 41.4604723 ], [ 2.1672584, 41.4604151 ], [ 2.1672759, 41.4603548 ], [ 2.1672882, 41.4603191 ], [ 2.1673332, 41.460206 ], [ 2.1673599, 41.4601432 ], [ 2.1673971, 41.4600774 ], [ 2.1674573, 41.4600079 ], [ 2.1675245, 41.4599312 ], [ 2.1673923, 41.4599083 ], [ 2.1673127, 41.4598868 ], [ 2.1672378, 41.4598489 ], [ 2.1671664, 41.4598 ], [ 2.167014, 41.4596351 ], [ 2.1669453, 41.4595096 ], [ 2.1669344, 41.4594923 ], [ 2.1669214, 41.4591745 ], [ 2.1668222, 41.4590786 ], [ 2.1664389, 41.458708 ], [ 2.1661622, 41.4584654 ], [ 2.1657992, 41.4584163 ], [ 2.1657408, 41.458373 ], [ 2.1656978, 41.4583068 ], [ 2.165687, 41.4582706 ], [ 2.1656701, 41.4581855 ], [ 2.1656479, 41.458108 ], [ 2.1656233, 41.4580285 ], [ 2.1655724, 41.4579856 ], [ 2.1654987, 41.4579213 ], [ 2.1654636, 41.4578495 ], [ 2.1654157, 41.4577796 ], [ 2.1653166, 41.4576899 ], [ 2.1652713, 41.4576142 ], [ 2.1651956, 41.4575112 ], [ 2.1650796, 41.4573344 ], [ 2.1649741, 41.4571461 ], [ 2.1648935, 41.4570508 ], [ 2.1647816, 41.4568891 ], [ 2.1647208, 41.4567984 ], [ 2.1646442, 41.4566956 ], [ 2.1645756, 41.4565869 ], [ 2.164515, 41.4564827 ], [ 2.1644523, 41.45638 ], [ 2.1643388, 41.4561927 ], [ 2.1642956, 41.4561352 ], [ 2.1642288, 41.4560445 ], [ 2.1641687, 41.4557938 ], [ 2.1642668, 41.4556085 ], [ 2.1643007, 41.4554468 ], [ 2.1643258, 41.455357 ], [ 2.1644066, 41.4551156 ], [ 2.1645059, 41.4550103 ], [ 2.1647334, 41.4549429 ], [ 2.1648902, 41.4548396 ], [ 2.1649239, 41.4547705 ], [ 2.1649395, 41.4546658 ], [ 2.1649562, 41.4544825 ], [ 2.1649561, 41.4543345 ], [ 2.1649308, 41.4542264 ], [ 2.1648919, 41.4540456 ], [ 2.1648199, 41.4539281 ], [ 2.1648024, 41.4538555 ], [ 2.1647973, 41.4537722 ], [ 2.1648075, 41.4536966 ], [ 2.1648257, 41.4536321 ], [ 2.1648585, 41.4534736 ], [ 2.1648615, 41.4534027 ], [ 2.164875, 41.4533072 ], [ 2.1648965, 41.4532288 ], [ 2.1649014, 41.4531625 ], [ 2.1648901, 41.4531072 ], [ 2.1648714, 41.4529903 ], [ 2.1648623, 41.4529116 ], [ 2.1648363, 41.4528353 ], [ 2.1648138, 41.4527489 ], [ 2.1648013, 41.4526752 ], [ 2.1648595, 41.4526021 ], [ 2.1649381, 41.452524 ], [ 2.1650334, 41.4524511 ], [ 2.1651596, 41.4523608 ], [ 2.1653327, 41.4522491 ], [ 2.1653929, 41.4521527 ], [ 2.1654479, 41.4520482 ], [ 2.1655139, 41.4519196 ], [ 2.1655685, 41.4517954 ], [ 2.1655753, 41.4517461 ], [ 2.1655926, 41.4516691 ], [ 2.1655979, 41.4515798 ], [ 2.1655842, 41.4515242 ], [ 2.1655559, 41.4514818 ], [ 2.1655055, 41.4514373 ], [ 2.1654263, 41.4513812 ], [ 2.1653738, 41.4513477 ], [ 2.1653103, 41.4513125 ], [ 2.1651397, 41.4512484 ], [ 2.1650752, 41.4512236 ], [ 2.1649633, 41.4511727 ], [ 2.164843, 41.4511154 ], [ 2.1647921, 41.4510932 ], [ 2.1647567, 41.4510609 ], [ 2.1647069, 41.4509566 ], [ 2.1646802, 41.4509115 ], [ 2.1646383, 41.4508534 ], [ 2.1645591, 41.4507783 ], [ 2.1644881, 41.4507208 ], [ 2.1644477, 41.4506891 ], [ 2.1644031, 41.4506354 ], [ 2.1643588, 41.4505691 ], [ 2.1643192, 41.4504713 ], [ 2.1642916, 41.4503864 ], [ 2.1642741, 41.4502996 ], [ 2.1642459, 41.4501831 ], [ 2.1642236, 41.4501033 ], [ 2.1641971, 41.4500266 ], [ 2.1641664, 41.449942 ], [ 2.1641701, 41.4498656 ], [ 2.1641405, 41.4498152 ], [ 2.1641058, 41.4497982 ], [ 2.1640744, 41.4497925 ], [ 2.1640377, 41.4497858 ], [ 2.1638927, 41.4497713 ], [ 2.1637573, 41.4497856 ], [ 2.1636794, 41.4497945 ], [ 2.1635777, 41.4497986 ], [ 2.1634728, 41.449805 ], [ 2.1633806, 41.4498057 ], [ 2.1632558, 41.4497984 ], [ 2.163183, 41.4497904 ], [ 2.1630709, 41.4497775 ], [ 2.1629756, 41.4497681 ], [ 2.1628783, 41.4497779 ], [ 2.1627865, 41.4497893 ], [ 2.1626852, 41.4498265 ], [ 2.1625964, 41.4498796 ], [ 2.1624941, 41.4499298 ], [ 2.1623939, 41.4499865 ], [ 2.1622978, 41.4500527 ], [ 2.1621877, 41.4501164 ], [ 2.16211, 41.4501643 ], [ 2.161995, 41.4502203 ], [ 2.1618605, 41.4502584 ], [ 2.1617247, 41.4502728 ], [ 2.1615327, 41.4502844 ], [ 2.1612953, 41.450305 ], [ 2.1610428, 41.4503275 ], [ 2.1604135, 41.4503396 ], [ 2.1603695, 41.4503206 ], [ 2.1602113, 41.4503327 ], [ 2.1601852, 41.4503492 ], [ 2.159998, 41.4504333 ], [ 2.1595616, 41.4505016 ], [ 2.1595599, 41.4505212 ], [ 2.1591095, 41.4505183 ], [ 2.1589672, 41.4505174 ], [ 2.158926, 41.4504888 ], [ 2.1588685, 41.4504252 ], [ 2.1587754, 41.4503487 ], [ 2.1586808, 41.4503002 ], [ 2.1585861, 41.4502581 ], [ 2.1585039, 41.4502273 ], [ 2.1584241, 41.4501741 ], [ 2.1583697, 41.4501275 ], [ 2.1583152, 41.4500825 ], [ 2.1582713, 41.4500392 ], [ 2.158221, 41.4500006 ], [ 2.1581645, 41.4499492 ], [ 2.1580912, 41.4498914 ], [ 2.1580137, 41.4498287 ], [ 2.1579674, 41.4498029 ], [ 2.1579105, 41.4497833 ], [ 2.157799, 41.4497315 ], [ 2.1576832, 41.4496765 ], [ 2.1575632, 41.4496247 ], [ 2.1575042, 41.4496067 ], [ 2.1574451, 41.449592 ], [ 2.157388, 41.44959 ], [ 2.1573229, 41.4496007 ], [ 2.1572137, 41.4496428 ], [ 2.1570819, 41.4496865 ], [ 2.1569458, 41.4497317 ], [ 2.1568075, 41.449788 ], [ 2.1567456, 41.4498226 ], [ 2.1567029, 41.4498493 ], [ 2.1566432, 41.4498855 ], [ 2.1565793, 41.4499137 ], [ 2.1564374, 41.4499264 ], [ 2.1563071, 41.4499205 ], [ 2.1561597, 41.449937 ], [ 2.156019, 41.4499536 ], [ 2.1558423, 41.4499348 ], [ 2.1557208, 41.4498881 ], [ 2.1555461, 41.4498208 ], [ 2.1554676, 41.4497869 ], [ 2.1553809, 41.4497338 ], [ 2.1552698, 41.4496791 ], [ 2.1551659, 41.4496251 ], [ 2.1549665, 41.4495708 ], [ 2.1547502, 41.4495287 ], [ 2.1545476, 41.4494582 ], [ 2.1544419, 41.4494236 ], [ 2.1544415, 41.4494235 ], [ 2.1544404, 41.4494231 ], [ 2.1544393, 41.4494227 ], [ 2.1544382, 41.4494224 ], [ 2.1544371, 41.449422 ], [ 2.1544361, 41.4494216 ], [ 2.154435, 41.4494212 ], [ 2.1544339, 41.4494208 ], [ 2.1544328, 41.4494204 ], [ 2.1544318, 41.44942 ], [ 2.1544307, 41.4494196 ], [ 2.1544297, 41.4494191 ], [ 2.1544286, 41.4494187 ], [ 2.1544275, 41.4494183 ], [ 2.1544265, 41.4494179 ], [ 2.1544254, 41.4494174 ], [ 2.1544244, 41.449417 ], [ 2.1544233, 41.4494166 ], [ 2.1544223, 41.4494161 ], [ 2.1544212, 41.4494157 ], [ 2.1544202, 41.4494152 ], [ 2.1544192, 41.4494148 ], [ 2.1544181, 41.4494143 ], [ 2.1544171, 41.4494139 ], [ 2.1544161, 41.4494134 ], [ 2.1544151, 41.4494129 ], [ 2.154414, 41.4494125 ], [ 2.154413, 41.449412 ], [ 2.154412, 41.4494115 ], [ 2.154411, 41.449411 ], [ 2.15441, 41.4494106 ], [ 2.154409, 41.4494101 ], [ 2.154408, 41.4494096 ], [ 2.154407, 41.4494091 ], [ 2.154406, 41.4494086 ], [ 2.154405, 41.4494081 ], [ 2.154404, 41.4494076 ], [ 2.154403, 41.4494071 ], [ 2.154402, 41.4494066 ], [ 2.154401, 41.449406 ], [ 2.1544001, 41.4494055 ], [ 2.1543991, 41.449405 ], [ 2.1543981, 41.4494045 ], [ 2.1543972, 41.4494039 ], [ 2.1543962, 41.4494034 ], [ 2.1543952, 41.4494029 ], [ 2.1543943, 41.4494023 ], [ 2.1543933, 41.4494018 ], [ 2.1543924, 41.4494012 ], [ 2.1543914, 41.4494007 ], [ 2.1543905, 41.4494001 ], [ 2.1543895, 41.4493996 ], [ 2.1543886, 41.449399 ], [ 2.1543877, 41.4493984 ], [ 2.1543867, 41.4493979 ], [ 2.1543858, 41.4493973 ], [ 2.1543849, 41.4493967 ], [ 2.154384, 41.4493962 ], [ 2.154383, 41.4493956 ], [ 2.1543821, 41.449395 ], [ 2.1543812, 41.4493944 ], [ 2.1543803, 41.4493938 ], [ 2.1543794, 41.4493932 ], [ 2.1543785, 41.4493926 ], [ 2.1543776, 41.449392 ], [ 2.1543767, 41.4493914 ], [ 2.1543759, 41.4493908 ], [ 2.154375, 41.4493902 ], [ 2.1543741, 41.4493896 ], [ 2.1543732, 41.449389 ], [ 2.1543723, 41.4493884 ], [ 2.1543715, 41.4493878 ], [ 2.1543706, 41.4493871 ], [ 2.1543698, 41.4493865 ], [ 2.1543689, 41.4493859 ], [ 2.154368, 41.4493852 ], [ 2.1543672, 41.4493846 ], [ 2.1543664, 41.449384 ], [ 2.1543655, 41.4493833 ], [ 2.1543647, 41.4493827 ], [ 2.1543639, 41.449382 ], [ 2.154363, 41.4493814 ], [ 2.1543622, 41.4493807 ], [ 2.1543614, 41.4493801 ], [ 2.1543606, 41.4493794 ], [ 2.1543598, 41.4493787 ], [ 2.1543589, 41.4493781 ], [ 2.1543581, 41.4493774 ], [ 2.1543573, 41.4493767 ], [ 2.1543566, 41.4493761 ], [ 2.1543558, 41.4493754 ], [ 2.154355, 41.4493747 ], [ 2.1543542, 41.449374 ], [ 2.1543534, 41.4493733 ], [ 2.1543526, 41.4493727 ], [ 2.1543519, 41.449372 ], [ 2.1543511, 41.4493713 ], [ 2.1543504, 41.4493706 ], [ 2.1543496, 41.4493699 ], [ 2.1543488, 41.4493692 ], [ 2.1543481, 41.4493685 ], [ 2.1543474, 41.4493678 ], [ 2.1543466, 41.449367 ], [ 2.1543459, 41.4493663 ], [ 2.1543452, 41.4493656 ], [ 2.1543444, 41.4493649 ], [ 2.1543437, 41.4493642 ], [ 2.154343, 41.4493635 ], [ 2.1543423, 41.4493627 ], [ 2.1543416, 41.449362 ], [ 2.1543409, 41.4493613 ], [ 2.1543402, 41.4493606 ], [ 2.1543395, 41.4493598 ], [ 2.1543388, 41.4493591 ], [ 2.1543381, 41.4493583 ], [ 2.1543374, 41.4493576 ], [ 2.1543368, 41.4493569 ], [ 2.1543361, 41.4493561 ], [ 2.1543354, 41.4493554 ], [ 2.1543348, 41.4493546 ], [ 2.1543341, 41.4493539 ], [ 2.1543335, 41.4493531 ], [ 2.1543328, 41.4493523 ], [ 2.1543322, 41.4493516 ], [ 2.1543315, 41.4493508 ], [ 2.1543309, 41.4493501 ], [ 2.1543303, 41.4493493 ], [ 2.1543297, 41.4493485 ], [ 2.154329, 41.4493477 ], [ 2.1543284, 41.449347 ], [ 2.1543278, 41.4493462 ], [ 2.1543272, 41.4493454 ], [ 2.1543266, 41.4493446 ], [ 2.1543203, 41.4493373 ], [ 2.1543064, 41.4493231 ], [ 2.1542903, 41.4493079 ], [ 2.1542817, 41.4493006 ], [ 2.1542504, 41.4492761 ], [ 2.1541666, 41.4492175 ], [ 2.1541384, 41.4491979 ], [ 2.1540167, 41.4491141 ], [ 2.153908, 41.4490397 ], [ 2.1538347, 41.4489877 ], [ 2.1536852, 41.448886 ], [ 2.1535587, 41.4487985 ], [ 2.1535443, 41.4487878 ], [ 2.1535238, 41.4487689 ], [ 2.1535056, 41.4487513 ], [ 2.1534328, 41.4486511 ], [ 2.1534327, 41.4486509 ], [ 2.1534321, 41.4486501 ], [ 2.1534315, 41.4486493 ], [ 2.153431, 41.4486485 ], [ 2.1534304, 41.4486477 ], [ 2.1534299, 41.4486469 ], [ 2.1534293, 41.4486461 ], [ 2.1534288, 41.4486453 ], [ 2.1534283, 41.4486445 ], [ 2.1534278, 41.4486437 ], [ 2.1534273, 41.4486429 ], [ 2.1534268, 41.448642 ], [ 2.1534263, 41.4486412 ], [ 2.1534258, 41.4486404 ], [ 2.1534253, 41.4486396 ], [ 2.1534248, 41.4486388 ], [ 2.1534243, 41.4486379 ], [ 2.1534238, 41.4486371 ], [ 2.1534234, 41.4486363 ], [ 2.1534229, 41.4486354 ], [ 2.1534224, 41.4486346 ], [ 2.153422, 41.4486338 ], [ 2.1534216, 41.4486329 ], [ 2.1534211, 41.4486321 ], [ 2.1534207, 41.4486313 ], [ 2.1534203, 41.4486304 ], [ 2.1534198, 41.4486296 ], [ 2.1534194, 41.4486287 ], [ 2.153419, 41.4486279 ], [ 2.1534186, 41.448627 ], [ 2.1534182, 41.4486262 ], [ 2.1534178, 41.4486253 ], [ 2.1534174, 41.4486245 ], [ 2.1534171, 41.4486236 ], [ 2.1534167, 41.4486228 ], [ 2.1534163, 41.4486219 ], [ 2.153416, 41.448621 ], [ 2.1534156, 41.4486202 ], [ 2.1534153, 41.4486193 ], [ 2.1534149, 41.4486185 ], [ 2.1534146, 41.4486176 ], [ 2.1534143, 41.4486167 ], [ 2.153414, 41.4486159 ], [ 2.1534136, 41.448615 ], [ 2.1534133, 41.4486141 ], [ 2.153413, 41.4486133 ], [ 2.1534127, 41.4486124 ], [ 2.1534124, 41.4486115 ], [ 2.1534121, 41.4486106 ], [ 2.1534119, 41.4486098 ], [ 2.1534116, 41.4486089 ], [ 2.1534113, 41.448608 ], [ 2.1534111, 41.4486071 ], [ 2.1534108, 41.4486062 ], [ 2.1534106, 41.4486054 ], [ 2.1534103, 41.4486045 ], [ 2.1534101, 41.4486036 ], [ 2.1534099, 41.4486027 ], [ 2.1534096, 41.4486018 ], [ 2.1534094, 41.4486009 ], [ 2.1534092, 41.4486001 ], [ 2.153409, 41.4485992 ], [ 2.1534088, 41.4485983 ], [ 2.1534086, 41.4485974 ], [ 2.1534084, 41.4485965 ], [ 2.1534083, 41.4485956 ], [ 2.1534081, 41.4485947 ], [ 2.1534079, 41.4485938 ], [ 2.1534078, 41.4485929 ], [ 2.1534076, 41.448592 ], [ 2.1534075, 41.4485911 ], [ 2.1534073, 41.4485902 ], [ 2.1534072, 41.4485894 ], [ 2.153407, 41.4485885 ], [ 2.1534069, 41.4485876 ], [ 2.1534068, 41.4485867 ], [ 2.1534067, 41.4485858 ], [ 2.1534066, 41.4485849 ], [ 2.1534065, 41.448584 ], [ 2.1534064, 41.4485831 ], [ 2.1534063, 41.4485822 ], [ 2.1534063, 41.4485813 ], [ 2.1534062, 41.4485804 ], [ 2.1534061, 41.4485795 ], [ 2.1534061, 41.4485786 ], [ 2.153406, 41.4485777 ], [ 2.153406, 41.4485768 ], [ 2.1534059, 41.4485759 ], [ 2.1534059, 41.448575 ], [ 2.1534059, 41.4485741 ], [ 2.1534058, 41.4485732 ], [ 2.1533864, 41.4483742 ], [ 2.1533408, 41.4482165 ], [ 2.1533207, 41.4480617 ], [ 2.1533146, 41.4479678 ], [ 2.1533045, 41.4479015 ], [ 2.1532978, 41.447849 ], [ 2.1532688, 41.4477889 ], [ 2.1531812, 41.4477612 ], [ 2.1530626, 41.4477332 ], [ 2.1529543, 41.4476936 ], [ 2.1528458, 41.4476583 ], [ 2.1527576, 41.4476102 ], [ 2.1526129, 41.4475013 ], [ 2.152525, 41.4474273 ], [ 2.1523576, 41.4472989 ], [ 2.1522101, 41.4471792 ], [ 2.1520712, 41.4470639 ], [ 2.1520285, 41.4470399 ], [ 2.1519714, 41.4470265 ], [ 2.1519113, 41.4470196 ], [ 2.151831, 41.4470277 ], [ 2.1517161, 41.4470441 ], [ 2.1516184, 41.4470649 ], [ 2.1514833, 41.4471006 ], [ 2.1512964, 41.4471445 ], [ 2.1511497, 41.4471865 ], [ 2.1510432, 41.4472288 ], [ 2.1508678, 41.4472707 ], [ 2.1507499, 41.4473 ], [ 2.1506611, 41.4473015 ], [ 2.1505811, 41.4472836 ], [ 2.1504442, 41.4472287 ], [ 2.1503614, 41.4472087 ], [ 2.1502842, 41.4471974 ], [ 2.1501925, 41.4471902 ], [ 2.1500039, 41.447176 ], [ 2.1498644, 41.4471916 ], [ 2.1497224, 41.4472177 ], [ 2.1496464, 41.4472322 ], [ 2.1495301, 41.4472241 ], [ 2.1494276, 41.4471738 ], [ 2.149291, 41.4470995 ], [ 2.1492314, 41.4470559 ], [ 2.1491547, 41.4470058 ], [ 2.1490551, 41.4469533 ], [ 2.1488867, 41.4469003 ], [ 2.1487357, 41.4468366 ], [ 2.1486359, 41.4467928 ], [ 2.1485617, 41.4467707 ], [ 2.1484846, 41.446755 ], [ 2.1484245, 41.4467567 ], [ 2.148364, 41.4467714 ], [ 2.1482546, 41.4468094 ], [ 2.1481455, 41.446828 ], [ 2.1480506, 41.4468488 ], [ 2.1479247, 41.4468602 ], [ 2.1478051, 41.4468726 ], [ 2.1477098, 41.4468983 ], [ 2.1475826, 41.4469476 ], [ 2.1474092, 41.4470363 ], [ 2.1472535, 41.4471145 ], [ 2.1470869, 41.4472243 ], [ 2.1469483, 41.4473344 ], [ 2.1467956, 41.4474469 ], [ 2.1467125, 41.4475069 ], [ 2.146615, 41.4475541 ], [ 2.1465021, 41.4475876 ], [ 2.1463293, 41.4476287 ], [ 2.1462412, 41.4476413 ], [ 2.1460934, 41.4476587 ], [ 2.1459208, 41.4476812 ], [ 2.1457728, 41.4477092 ], [ 2.1456495, 41.4477294 ], [ 2.1454274, 41.4477807 ], [ 2.1453214, 41.4478222 ], [ 2.145208, 41.4478849 ], [ 2.1451416, 41.4479332 ], [ 2.1450982, 41.4479528 ], [ 2.1450384, 41.447955 ], [ 2.144861, 41.4478953 ], [ 2.1447602, 41.4478563 ], [ 2.1445984, 41.4478153 ], [ 2.1444611, 41.4477931 ], [ 2.144278, 41.4477705 ], [ 2.1441479, 41.4477712 ], [ 2.1439907, 41.4477657 ], [ 2.143506, 41.4476165 ], [ 2.1434217, 41.4475879 ], [ 2.1432899, 41.4475399 ], [ 2.1432873, 41.4475391 ], [ 2.143248, 41.4475239 ], [ 2.1430651, 41.4474628 ], [ 2.1430551, 41.4474585 ], [ 2.1430284, 41.4474487 ], [ 2.1429968, 41.4474233 ], [ 2.1429211, 41.4473666 ], [ 2.1425717, 41.447142 ], [ 2.1424351, 41.4470311 ], [ 2.1423479, 41.4469802 ], [ 2.1422709, 41.4469584 ], [ 2.1421128, 41.4469467 ], [ 2.1420321, 41.4469382 ], [ 2.1418529, 41.4469342 ], [ 2.1417542, 41.4469519 ], [ 2.1416518, 41.4469856 ], [ 2.1415634, 41.4470272 ], [ 2.1414748, 41.4470795 ], [ 2.1413965, 41.4471457 ], [ 2.1413476, 41.4471953 ], [ 2.1413469, 41.4471957 ], [ 2.141346, 41.4471963 ], [ 2.141345, 41.4471968 ], [ 2.141344, 41.4471973 ], [ 2.141343, 41.4471978 ], [ 2.141342, 41.4471983 ], [ 2.141341, 41.4471987 ], [ 2.1413399, 41.4471992 ], [ 2.1413389, 41.4471996 ], [ 2.1413378, 41.4472 ], [ 2.1413368, 41.4472004 ], [ 2.1413357, 41.4472008 ], [ 2.1413346, 41.4472012 ], [ 2.1413335, 41.4472015 ], [ 2.1413324, 41.4472018 ], [ 2.1413312, 41.4472021 ], [ 2.1413301, 41.4472024 ], [ 2.141329, 41.4472027 ], [ 2.1413278, 41.447203 ], [ 2.1413267, 41.4472032 ], [ 2.1413255, 41.4472034 ], [ 2.1413243, 41.4472036 ], [ 2.1413232, 41.4472038 ], [ 2.141322, 41.447204 ], [ 2.1413208, 41.4472041 ], [ 2.1413196, 41.4472043 ], [ 2.1413184, 41.4472044 ], [ 2.1413172, 41.4472044 ], [ 2.141316, 41.4472045 ], [ 2.1413148, 41.4472046 ], [ 2.1413137, 41.4472046 ], [ 2.1413125, 41.4472047 ], [ 2.1413113, 41.4472048 ], [ 2.1413101, 41.4472048 ], [ 2.1413089, 41.4472049 ], [ 2.1413077, 41.447205 ], [ 2.1413065, 41.447205 ], [ 2.1413053, 41.4472051 ], [ 2.1413041, 41.4472052 ], [ 2.1413029, 41.4472052 ], [ 2.1413017, 41.4472053 ], [ 2.1413005, 41.4472054 ], [ 2.1412993, 41.4472054 ], [ 2.1412981, 41.4472055 ], [ 2.1412969, 41.4472056 ], [ 2.1412957, 41.4472057 ], [ 2.1412946, 41.4472057 ], [ 2.1412934, 41.4472058 ], [ 2.1412922, 41.4472059 ], [ 2.141291, 41.447206 ], [ 2.1412898, 41.447206 ], [ 2.1412886, 41.4472061 ], [ 2.1412874, 41.4472062 ], [ 2.1412862, 41.4472063 ], [ 2.141285, 41.4472064 ], [ 2.1412838, 41.4472064 ], [ 2.1412826, 41.4472065 ], [ 2.1412814, 41.4472066 ], [ 2.1412802, 41.4472067 ], [ 2.1412791, 41.4472068 ], [ 2.1412779, 41.4472068 ], [ 2.1412767, 41.4472069 ], [ 2.1412755, 41.447207 ], [ 2.1412743, 41.4472071 ], [ 2.1412731, 41.4472072 ], [ 2.1412719, 41.4472073 ], [ 2.1412707, 41.4472074 ], [ 2.1412695, 41.4472075 ], [ 2.1412683, 41.4472075 ], [ 2.1412671, 41.4472076 ], [ 2.1412659, 41.4472077 ], [ 2.1412648, 41.4472078 ], [ 2.1412636, 41.4472079 ], [ 2.1412624, 41.447208 ], [ 2.1412612, 41.4472081 ], [ 2.14126, 41.4472082 ], [ 2.1412588, 41.4472083 ], [ 2.1412576, 41.4472084 ], [ 2.1412564, 41.4472085 ], [ 2.1412552, 41.4472086 ], [ 2.141254, 41.4472087 ], [ 2.1412529, 41.4472088 ], [ 2.1412517, 41.4472089 ], [ 2.1412505, 41.447209 ], [ 2.1412493, 41.4472091 ], [ 2.1412481, 41.4472092 ], [ 2.1412469, 41.4472093 ], [ 2.1412457, 41.4472094 ], [ 2.1412445, 41.4472095 ], [ 2.1412433, 41.4472096 ], [ 2.1412421, 41.4472097 ], [ 2.141241, 41.4472098 ], [ 2.1412398, 41.4472099 ], [ 2.1412386, 41.44721 ], [ 2.1412374, 41.4472101 ], [ 2.1412362, 41.4472102 ], [ 2.141235, 41.4472103 ], [ 2.1412338, 41.4472104 ], [ 2.1412326, 41.4472106 ], [ 2.1412315, 41.4472107 ], [ 2.1412303, 41.4472108 ], [ 2.1412291, 41.4472109 ], [ 2.1412279, 41.447211 ], [ 2.1412267, 41.4472111 ], [ 2.141226, 41.4472112 ], [ 2.1412129, 41.4472145 ], [ 2.1412069, 41.4472169 ], [ 2.1411915, 41.4472253 ], [ 2.1411842, 41.4472298 ], [ 2.1411747, 41.4472378 ], [ 2.1411647, 41.4472529 ], [ 2.1411529, 41.4472659 ], [ 2.141138, 41.4472807 ], [ 2.1411298, 41.4472876 ], [ 2.1411191, 41.4472954 ], [ 2.1410969, 41.44731 ], [ 2.1410594, 41.4473334 ], [ 2.1410187, 41.4473613 ], [ 2.1409988, 41.4473731 ], [ 2.140985, 41.4473804 ], [ 2.1409564, 41.447394 ], [ 2.1409341, 41.4474036 ], [ 2.1408886, 41.4474213 ], [ 2.1408414, 41.4474375 ], [ 2.1408172, 41.4474443 ], [ 2.1407922, 41.4474503 ], [ 2.1407417, 41.4474613 ], [ 2.1406985, 41.4474703 ], [ 2.1406766, 41.4474742 ], [ 2.1406567, 41.447477 ], [ 2.1406168, 41.447481 ], [ 2.1405799, 41.4474843 ], [ 2.1405613, 41.4474849 ], [ 2.1405004, 41.4474846 ], [ 2.1404996, 41.4474845 ], [ 2.1404985, 41.4474845 ], [ 2.1404974, 41.4474844 ], [ 2.1404963, 41.4474844 ], [ 2.1404952, 41.4474843 ], [ 2.1404941, 41.4474843 ], [ 2.1404931, 41.4474843 ], [ 2.140492, 41.4474842 ], [ 2.1404909, 41.4474842 ], [ 2.1404898, 41.4474841 ], [ 2.1404887, 41.4474841 ], [ 2.1404876, 41.4474841 ], [ 2.1404865, 41.447484 ], [ 2.1404854, 41.447484 ], [ 2.1404843, 41.447484 ], [ 2.1404832, 41.4474839 ], [ 2.1404821, 41.4474839 ], [ 2.140481, 41.4474839 ], [ 2.1404799, 41.4474838 ], [ 2.1404787, 41.4474838 ], [ 2.1404776, 41.4474838 ], [ 2.1404765, 41.4474837 ], [ 2.1404754, 41.4474837 ], [ 2.1404743, 41.4474837 ], [ 2.1404732, 41.4474837 ], [ 2.140472, 41.4474836 ], [ 2.1404709, 41.4474836 ], [ 2.1404698, 41.4474836 ], [ 2.1404687, 41.4474836 ], [ 2.1404675, 41.4474835 ], [ 2.1404664, 41.4474835 ], [ 2.1404653, 41.4474835 ], [ 2.1404642, 41.4474835 ], [ 2.140463, 41.4474834 ], [ 2.1404619, 41.4474834 ], [ 2.1404608, 41.4474834 ], [ 2.1404596, 41.4474834 ], [ 2.1404585, 41.4474834 ], [ 2.1404573, 41.4474834 ], [ 2.1404562, 41.4474833 ], [ 2.1404551, 41.4474833 ], [ 2.1404539, 41.4474833 ], [ 2.1404528, 41.4474833 ], [ 2.1404516, 41.4474833 ], [ 2.1404505, 41.4474833 ], [ 2.1404493, 41.4474833 ], [ 2.1404482, 41.4474832 ], [ 2.140447, 41.4474832 ], [ 2.1404459, 41.4474832 ], [ 2.1404447, 41.4474832 ], [ 2.1404436, 41.4474832 ], [ 2.1404424, 41.4474832 ], [ 2.1404412, 41.4474832 ], [ 2.1404401, 41.4474832 ], [ 2.1404389, 41.4474832 ], [ 2.1404378, 41.4474832 ], [ 2.1404366, 41.4474832 ], [ 2.1404354, 41.4474832 ], [ 2.1404343, 41.4474832 ], [ 2.1404331, 41.4474832 ], [ 2.1404319, 41.4474832 ], [ 2.1404308, 41.4474832 ], [ 2.1404296, 41.4474832 ], [ 2.1404284, 41.4474832 ], [ 2.1404273, 41.4474832 ], [ 2.1404261, 41.4474832 ], [ 2.1404249, 41.4474832 ], [ 2.1404238, 41.4474832 ], [ 2.1404226, 41.4474832 ], [ 2.1404214, 41.4474832 ], [ 2.1404202, 41.4474832 ], [ 2.1404191, 41.4474832 ], [ 2.1404179, 41.4474832 ], [ 2.1404167, 41.4474832 ], [ 2.1404155, 41.4474833 ], [ 2.1404143, 41.4474833 ], [ 2.1404132, 41.4474833 ], [ 2.140412, 41.4474833 ], [ 2.1404108, 41.4474833 ], [ 2.1404096, 41.4474833 ], [ 2.1404084, 41.4474833 ], [ 2.1404073, 41.4474834 ], [ 2.1404061, 41.4474834 ], [ 2.1404049, 41.4474834 ], [ 2.1404037, 41.4474834 ], [ 2.1404025, 41.4474834 ], [ 2.1404013, 41.4474834 ], [ 2.1404001, 41.4474835 ], [ 2.140399, 41.4474835 ], [ 2.1403978, 41.4474835 ], [ 2.1403966, 41.4474835 ], [ 2.1403954, 41.4474836 ], [ 2.1403942, 41.4474836 ], [ 2.140393, 41.4474836 ], [ 2.1403918, 41.4474836 ], [ 2.1403906, 41.4474837 ], [ 2.1403894, 41.4474837 ], [ 2.1403883, 41.4474837 ], [ 2.1403871, 41.4474837 ], [ 2.1403859, 41.4474838 ], [ 2.1403847, 41.4474838 ], [ 2.1403835, 41.4474838 ], [ 2.1403823, 41.4474839 ], [ 2.1403811, 41.4474839 ], [ 2.1403799, 41.4474839 ], [ 2.1403787, 41.447484 ], [ 2.1403775, 41.447484 ], [ 2.1403763, 41.447484 ], [ 2.1403751, 41.4474841 ], [ 2.1403739, 41.4474841 ], [ 2.1403727, 41.4474841 ], [ 2.1403715, 41.4474842 ], [ 2.1403703, 41.4474842 ], [ 2.1403691, 41.4474843 ], [ 2.140368, 41.4474843 ], [ 2.1403668, 41.4474843 ], [ 2.1403656, 41.4474844 ], [ 2.1403644, 41.4474844 ], [ 2.1403632, 41.4474845 ], [ 2.140362, 41.4474845 ], [ 2.1403608, 41.4474846 ], [ 2.1403596, 41.4474846 ], [ 2.1403584, 41.4474847 ], [ 2.1403572, 41.4474847 ], [ 2.140356, 41.4474847 ], [ 2.1403548, 41.4474848 ], [ 2.1403536, 41.4474848 ], [ 2.1403524, 41.4474849 ], [ 2.1403512, 41.4474849 ], [ 2.14035, 41.447485 ], [ 2.1403488, 41.4474851 ], [ 2.1403476, 41.4474851 ], [ 2.1403464, 41.4474852 ], [ 2.1403452, 41.4474852 ], [ 2.1403441, 41.4474853 ], [ 2.1403429, 41.4474853 ], [ 2.1403417, 41.4474854 ], [ 2.1403405, 41.4474854 ], [ 2.1403393, 41.4474855 ], [ 2.1403381, 41.4474856 ], [ 2.1403369, 41.4474856 ], [ 2.1403357, 41.4474857 ], [ 2.1403345, 41.4474857 ], [ 2.1403333, 41.4474858 ], [ 2.1403321, 41.4474859 ], [ 2.1403309, 41.4474859 ], [ 2.1403298, 41.447486 ], [ 2.1403286, 41.4474861 ], [ 2.1403274, 41.4474861 ], [ 2.1403262, 41.4474862 ], [ 2.140325, 41.4474863 ], [ 2.1403238, 41.4474863 ], [ 2.1403226, 41.4474864 ], [ 2.1403214, 41.4474865 ], [ 2.1403203, 41.4474865 ], [ 2.1403191, 41.4474866 ], [ 2.1403179, 41.4474867 ], [ 2.1403167, 41.4474867 ], [ 2.1403155, 41.4474868 ], [ 2.1403143, 41.4474869 ], [ 2.1403132, 41.447487 ], [ 2.140312, 41.447487 ], [ 2.1403108, 41.4474871 ], [ 2.1403096, 41.4474872 ], [ 2.1403084, 41.4474873 ], [ 2.1403073, 41.4474874 ], [ 2.1403072, 41.4474874 ], [ 2.140306, 41.4474874 ], [ 2.1403048, 41.4474875 ], [ 2.1403036, 41.4474876 ], [ 2.1403025, 41.4474877 ], [ 2.1403013, 41.4474878 ], [ 2.1403001, 41.4474879 ], [ 2.1402989, 41.447488 ], [ 2.1402977, 41.4474881 ], [ 2.1402965, 41.4474882 ], [ 2.1402953, 41.4474883 ], [ 2.1402941, 41.4474884 ], [ 2.1402929, 41.4474885 ], [ 2.1402918, 41.4474886 ], [ 2.1402906, 41.4474887 ], [ 2.1402894, 41.4474888 ], [ 2.1402882, 41.4474889 ], [ 2.140287, 41.447489 ], [ 2.1402858, 41.4474892 ], [ 2.1402846, 41.4474893 ], [ 2.1402834, 41.4474894 ], [ 2.1402822, 41.4474895 ], [ 2.1402811, 41.4474896 ], [ 2.1402799, 41.4474897 ], [ 2.1402787, 41.4474898 ], [ 2.1402775, 41.44749 ], [ 2.1402763, 41.4474901 ], [ 2.1402751, 41.4474902 ], [ 2.1402739, 41.4474903 ], [ 2.1402728, 41.4474904 ], [ 2.1402716, 41.4474906 ], [ 2.1402704, 41.4474907 ], [ 2.1402692, 41.4474908 ], [ 2.140268, 41.447491 ], [ 2.1402668, 41.4474911 ], [ 2.1402656, 41.4474912 ], [ 2.1402645, 41.4474913 ], [ 2.1402633, 41.4474915 ], [ 2.1402621, 41.4474916 ], [ 2.1402609, 41.4474917 ], [ 2.1402597, 41.4474919 ], [ 2.1402585, 41.447492 ], [ 2.1402574, 41.4474922 ], [ 2.1402562, 41.4474923 ], [ 2.140255, 41.4474924 ], [ 2.1402538, 41.4474926 ], [ 2.1402526, 41.4474927 ], [ 2.1402514, 41.4474929 ], [ 2.1402503, 41.447493 ], [ 2.1402491, 41.4474932 ], [ 2.1402479, 41.4474933 ], [ 2.1402467, 41.4474935 ], [ 2.1402455, 41.4474936 ], [ 2.1402444, 41.4474938 ], [ 2.1402432, 41.4474939 ], [ 2.140242, 41.4474941 ], [ 2.1402408, 41.4474942 ], [ 2.1402396, 41.4474944 ], [ 2.1402385, 41.4474945 ], [ 2.1402373, 41.4474947 ], [ 2.1402361, 41.4474948 ], [ 2.1402349, 41.447495 ], [ 2.1402338, 41.4474952 ], [ 2.1402326, 41.4474953 ], [ 2.1402314, 41.4474955 ], [ 2.1402302, 41.4474957 ], [ 2.140229, 41.4474958 ], [ 2.1402279, 41.447496 ], [ 2.1402267, 41.4474962 ], [ 2.1402255, 41.4474963 ], [ 2.1402243, 41.4474965 ], [ 2.1402232, 41.4474967 ], [ 2.140222, 41.4474968 ], [ 2.1402208, 41.447497 ], [ 2.1402196, 41.4474972 ], [ 2.1402185, 41.4474974 ], [ 2.1402173, 41.4474975 ], [ 2.1402161, 41.4474977 ], [ 2.1402149, 41.4474979 ], [ 2.1402138, 41.4474981 ], [ 2.1402126, 41.4474983 ], [ 2.1402114, 41.4474985 ], [ 2.1402103, 41.4474986 ], [ 2.1402091, 41.4474988 ], [ 2.1402079, 41.447499 ], [ 2.1402067, 41.4474992 ], [ 2.1402056, 41.4474994 ], [ 2.1402044, 41.4474996 ], [ 2.1402032, 41.4474998 ], [ 2.1402021, 41.4475 ], [ 2.1402009, 41.4475002 ], [ 2.1401997, 41.4475004 ], [ 2.1401986, 41.4475006 ], [ 2.1401974, 41.4475007 ], [ 2.1401962, 41.4475009 ], [ 2.1401951, 41.4475011 ], [ 2.1401939, 41.4475013 ], [ 2.1401927, 41.4475016 ], [ 2.1401916, 41.4475018 ], [ 2.1401904, 41.447502 ], [ 2.1401892, 41.4475022 ], [ 2.1401881, 41.4475024 ], [ 2.1401869, 41.4475026 ], [ 2.1401857, 41.4475028 ], [ 2.1401846, 41.447503 ], [ 2.1401834, 41.4475032 ], [ 2.1401822, 41.4475034 ], [ 2.1401811, 41.4475036 ], [ 2.1401799, 41.4475039 ], [ 2.1401788, 41.4475041 ], [ 2.1401776, 41.4475043 ], [ 2.1401764, 41.4475045 ], [ 2.1401753, 41.4475047 ], [ 2.1401741, 41.4475049 ], [ 2.140173, 41.4475052 ], [ 2.1401718, 41.4475054 ], [ 2.1401706, 41.4475056 ], [ 2.1401695, 41.4475058 ], [ 2.1401683, 41.4475061 ], [ 2.1401672, 41.4475063 ], [ 2.140166, 41.4475065 ], [ 2.1401648, 41.4475067 ], [ 2.1401637, 41.447507 ], [ 2.1401625, 41.4475072 ], [ 2.1401614, 41.4475074 ], [ 2.1401602, 41.4475077 ], [ 2.1401591, 41.4475079 ], [ 2.1401579, 41.4475081 ], [ 2.1401567, 41.4475084 ], [ 2.1401556, 41.4475086 ], [ 2.1401544, 41.4475089 ], [ 2.1401533, 41.4475091 ], [ 2.1401521, 41.4475093 ], [ 2.140151, 41.4475096 ], [ 2.1401498, 41.4475098 ], [ 2.1401487, 41.4475101 ], [ 2.1401475, 41.4475103 ], [ 2.1401464, 41.4475106 ], [ 2.1401452, 41.4475108 ], [ 2.1401441, 41.4475111 ], [ 2.1401429, 41.4475113 ], [ 2.1401418, 41.4475116 ], [ 2.1401406, 41.4475118 ], [ 2.1401395, 41.4475121 ], [ 2.1401383, 41.4475123 ], [ 2.1401372, 41.4475126 ], [ 2.140136, 41.4475129 ], [ 2.1401349, 41.4475131 ], [ 2.1401337, 41.4475134 ], [ 2.1401326, 41.4475136 ], [ 2.1401315, 41.4475139 ], [ 2.1401303, 41.4475142 ], [ 2.1401292, 41.4475144 ], [ 2.140128, 41.4475147 ], [ 2.1401269, 41.447515 ], [ 2.1401257, 41.4475152 ], [ 2.1401246, 41.4475155 ], [ 2.1401235, 41.4475158 ], [ 2.1401223, 41.447516 ], [ 2.1401212, 41.4475163 ], [ 2.14012, 41.4475166 ], [ 2.1401189, 41.4475169 ], [ 2.1401178, 41.4475171 ], [ 2.1401166, 41.4475174 ], [ 2.1401155, 41.4475177 ], [ 2.1401143, 41.447518 ], [ 2.1401132, 41.4475183 ], [ 2.1401121, 41.4475185 ], [ 2.1401109, 41.4475188 ], [ 2.1401098, 41.4475191 ], [ 2.1401087, 41.4475194 ], [ 2.1401075, 41.4475197 ], [ 2.1401064, 41.44752 ], [ 2.1401052, 41.4475203 ], [ 2.1401041, 41.4475205 ], [ 2.140103, 41.4475208 ], [ 2.1401019, 41.4475211 ], [ 2.1401007, 41.4475214 ], [ 2.1400996, 41.4475217 ], [ 2.1400985, 41.447522 ], [ 2.1400973, 41.4475223 ], [ 2.1400962, 41.4475226 ], [ 2.1400951, 41.4475229 ], [ 2.1400939, 41.4475232 ], [ 2.1400928, 41.4475235 ], [ 2.1400917, 41.4475238 ], [ 2.1400906, 41.4475241 ], [ 2.1400894, 41.4475244 ], [ 2.1400883, 41.4475247 ], [ 2.1400872, 41.447525 ], [ 2.1400861, 41.4475253 ], [ 2.1400849, 41.4475256 ], [ 2.1400838, 41.447526 ], [ 2.1400827, 41.4475263 ], [ 2.1400816, 41.4475266 ], [ 2.1400804, 41.4475269 ], [ 2.1400793, 41.4475272 ], [ 2.1400782, 41.4475275 ], [ 2.1400771, 41.4475278 ], [ 2.1400759, 41.4475282 ], [ 2.1400748, 41.4475285 ], [ 2.1400737, 41.4475288 ], [ 2.1400726, 41.4475291 ], [ 2.1400715, 41.4475294 ], [ 2.1400704, 41.4475298 ], [ 2.1400692, 41.4475301 ], [ 2.1400681, 41.4475304 ], [ 2.140067, 41.4475307 ], [ 2.1400659, 41.4475311 ], [ 2.1400648, 41.4475314 ], [ 2.1400637, 41.4475317 ], [ 2.1400626, 41.4475321 ], [ 2.1400614, 41.4475324 ], [ 2.1400603, 41.4475327 ], [ 2.1400592, 41.447533 ], [ 2.1400581, 41.4475334 ], [ 2.140057, 41.4475337 ], [ 2.1400559, 41.4475341 ], [ 2.1400548, 41.4475344 ], [ 2.1400537, 41.4475347 ], [ 2.1400526, 41.4475351 ], [ 2.1400514, 41.4475354 ], [ 2.1400503, 41.4475358 ], [ 2.1400492, 41.4475361 ], [ 2.1400481, 41.4475365 ], [ 2.140047, 41.4475368 ], [ 2.1400459, 41.4475371 ], [ 2.1400448, 41.4475375 ], [ 2.1400437, 41.4475378 ], [ 2.1400426, 41.4475382 ], [ 2.1400415, 41.4475385 ], [ 2.1400404, 41.4475389 ], [ 2.1400393, 41.4475392 ], [ 2.1400382, 41.4475396 ], [ 2.1400371, 41.44754 ], [ 2.140036, 41.4475403 ], [ 2.1400349, 41.4475407 ], [ 2.1400338, 41.447541 ], [ 2.1400327, 41.4475414 ], [ 2.1400316, 41.4475418 ], [ 2.1400305, 41.4475421 ], [ 2.1400294, 41.4475425 ], [ 2.1400283, 41.4475428 ], [ 2.1400272, 41.4475432 ], [ 2.1400261, 41.4475436 ], [ 2.1400251, 41.4475439 ], [ 2.140024, 41.4475443 ], [ 2.1400229, 41.4475447 ], [ 2.1400218, 41.4475451 ], [ 2.1400207, 41.4475454 ], [ 2.1400196, 41.4475458 ], [ 2.1400185, 41.4475462 ], [ 2.1400174, 41.4475466 ], [ 2.1400163, 41.4475469 ], [ 2.1400152, 41.4475473 ], [ 2.1400142, 41.4475477 ], [ 2.1400131, 41.4475481 ], [ 2.140012, 41.4475484 ], [ 2.1400109, 41.4475488 ], [ 2.1400098, 41.4475492 ], [ 2.1400087, 41.4475496 ], [ 2.1400077, 41.44755 ], [ 2.1400066, 41.4475504 ], [ 2.1400055, 41.4475508 ], [ 2.1400044, 41.4475511 ], [ 2.1400033, 41.4475515 ], [ 2.1400023, 41.4475519 ], [ 2.1400012, 41.4475523 ], [ 2.1400001, 41.4475527 ], [ 2.139999, 41.4475531 ], [ 2.1399979, 41.4475535 ], [ 2.1399958, 41.4475543 ], [ 2.1399947, 41.4475547 ], [ 2.1399935, 41.4475552 ], [ 2.1399923, 41.4475557 ], [ 2.1399909, 41.4475563 ], [ 2.1399893, 41.447557 ], [ 2.1399871, 41.4475582 ], [ 2.1399837, 41.4475601 ], [ 2.139978, 41.4475635 ], [ 2.1399505, 41.4475789 ], [ 2.1399366, 41.4475866 ], [ 2.1399214, 41.4475947 ], [ 2.1398909, 41.4476106 ], [ 2.1398898, 41.447611 ], [ 2.1398888, 41.4476114 ], [ 2.1398877, 41.4476119 ], [ 2.1398866, 41.4476123 ], [ 2.1398856, 41.4476127 ], [ 2.1398845, 41.4476131 ], [ 2.1398834, 41.4476135 ], [ 2.1398823, 41.4476138 ], [ 2.1398812, 41.4476142 ], [ 2.1398801, 41.4476146 ], [ 2.139879, 41.4476149 ], [ 2.1398779, 41.4476152 ], [ 2.1398768, 41.4476156 ], [ 2.1398757, 41.4476159 ], [ 2.1398745, 41.4476162 ], [ 2.1398734, 41.4476165 ], [ 2.1398723, 41.4476167 ], [ 2.1398711, 41.447617 ], [ 2.13987, 41.4476173 ], [ 2.1398688, 41.4476175 ], [ 2.1398677, 41.4476178 ], [ 2.1398665, 41.447618 ], [ 2.1398654, 41.4476182 ], [ 2.1398642, 41.4476184 ], [ 2.139863, 41.4476186 ], [ 2.1398618, 41.4476188 ], [ 2.1398607, 41.4476189 ], [ 2.1398595, 41.4476191 ], [ 2.1398583, 41.4476192 ], [ 2.1398571, 41.4476194 ], [ 2.1398559, 41.4476195 ], [ 2.1398548, 41.4476196 ], [ 2.1398536, 41.4476197 ], [ 2.1398524, 41.4476198 ], [ 2.1398512, 41.4476199 ], [ 2.13985, 41.44762 ], [ 2.1398488, 41.44762 ], [ 2.1398476, 41.4476201 ], [ 2.1398464, 41.4476201 ], [ 2.1398452, 41.4476201 ], [ 2.139844, 41.4476201 ], [ 2.1398436, 41.4476201 ], [ 2.1398371, 41.4476203 ], [ 2.1398283, 41.4476205 ], [ 2.1397546, 41.4476226 ], [ 2.1396945, 41.4476291 ], [ 2.1396808, 41.4476306 ], [ 2.13958, 41.4476426 ], [ 2.1394692, 41.4476563 ], [ 2.1393925, 41.447667 ], [ 2.1392883, 41.4476825 ], [ 2.1391801, 41.4476937 ], [ 2.1390391, 41.4477093 ], [ 2.1389397, 41.4477231 ], [ 2.138823, 41.4477373 ], [ 2.1387213, 41.4477521 ], [ 2.1386676, 41.447762 ], [ 2.1384983, 41.4478057 ], [ 2.1382973, 41.4478518 ], [ 2.1381455, 41.4479063 ], [ 2.138008, 41.4479343 ], [ 2.1379235, 41.4479443 ], [ 2.1378127, 41.4479567 ], [ 2.1377175, 41.4479497 ], [ 2.1376426, 41.4479184 ], [ 2.1375867, 41.4478941 ], [ 2.1374926, 41.4478326 ], [ 2.1374421, 41.4477953 ], [ 2.1374021, 41.4477658 ], [ 2.1373114, 41.4477225 ], [ 2.1372364, 41.4476753 ], [ 2.1371967, 41.4476594 ], [ 2.1371064, 41.4476174 ], [ 2.137022, 41.4476362 ], [ 2.1369447, 41.4476535 ], [ 2.1368121, 41.4476902 ], [ 2.1366292, 41.4477437 ], [ 2.1364979, 41.4476776 ], [ 2.136344, 41.4476079 ], [ 2.1361488, 41.4475516 ], [ 2.1359537, 41.4474953 ], [ 2.1357378, 41.4474325 ], [ 2.13543, 41.4474909 ], [ 2.1353565, 41.447503 ], [ 2.1352332, 41.4475325 ], [ 2.1351958, 41.4475388 ], [ 2.1351745, 41.4475435 ], [ 2.135015, 41.4475797 ], [ 2.1349122, 41.4475939 ], [ 2.1348228, 41.4475932 ], [ 2.1347732, 41.4475828 ], [ 2.1347313, 41.4475611 ], [ 2.1347153, 41.4475258 ], [ 2.1346829, 41.4474803 ], [ 2.134633, 41.447411 ], [ 2.1346122, 41.4472524 ], [ 2.1345843, 41.4470905 ], [ 2.1344901, 41.4469552 ], [ 2.1344414, 41.4468776 ], [ 2.134334, 41.4467397 ], [ 2.1342528, 41.4466195 ], [ 2.134155, 41.4464992 ], [ 2.1340736, 41.4463939 ], [ 2.1340152, 41.4462987 ], [ 2.1339471, 41.4461961 ], [ 2.1338822, 41.4460934 ], [ 2.1338399, 41.4460383 ], [ 2.1338039, 41.4460006 ], [ 2.1337321, 41.4459253 ], [ 2.1336112, 41.4457973 ], [ 2.1334932, 41.4457042 ], [ 2.1333979, 41.4456487 ], [ 2.1332036, 41.4455699 ], [ 2.133098, 41.4455343 ], [ 2.1330123, 41.4455037 ], [ 2.1329321, 41.4454632 ], [ 2.1329074, 41.4454282 ], [ 2.1328948, 41.4453757 ], [ 2.1328988, 41.4453234 ], [ 2.1328832, 41.4452535 ], [ 2.1328774, 41.4451937 ], [ 2.1328883, 41.4451165 ], [ 2.1329025, 41.4450444 ], [ 2.1329072, 41.4449422 ], [ 2.1328821, 41.4448349 ], [ 2.1328632, 41.4447674 ], [ 2.1328529, 41.4447266 ], [ 2.1328474, 41.444705 ], [ 2.1328185, 41.44464 ], [ 2.1327825, 41.4446049 ], [ 2.1327399, 41.4445696 ], [ 2.1327005, 41.4445494 ], [ 2.1326346, 41.444519 ], [ 2.1325394, 41.444456 ], [ 2.1324609, 41.4443856 ], [ 2.1323756, 41.4443202 ], [ 2.1322937, 41.4442548 ], [ 2.1322115, 41.4442118 ], [ 2.1321126, 41.4441737 ], [ 2.1320236, 41.4441456 ], [ 2.1318221, 41.4441067 ], [ 2.1316173, 41.4440653 ], [ 2.1314655, 41.4440267 ], [ 2.1313565, 41.4440035 ], [ 2.1312181, 41.4439526 ], [ 2.1310894, 41.4439168 ], [ 2.1309487, 41.4438903 ], [ 2.1308514, 41.4438801 ], [ 2.1307854, 41.4438596 ], [ 2.1307196, 41.4438292 ], [ 2.1306821, 41.4437864 ], [ 2.1306404, 41.4437071 ], [ 2.1306234, 41.4436306 ], [ 2.1305553, 41.4435587 ], [ 2.1302644, 41.443315 ], [ 2.1301067, 41.4431821 ], [ 2.1299433, 41.4430295 ], [ 2.129968, 41.4426564 ], [ 2.1299448, 41.4424736 ], [ 2.1298041, 41.4423481 ], [ 2.1296495, 41.442099 ], [ 2.1296013, 41.4420483 ], [ 2.1295001, 41.4419127 ], [ 2.1295042, 41.4417473 ], [ 2.1296416, 41.4415399 ], [ 2.1299248, 41.4411682 ], [ 2.1299557, 41.4410862 ], [ 2.1299577, 41.4409519 ], [ 2.129928, 41.4406698 ], [ 2.1299012, 41.4405972 ], [ 2.1298457, 41.4405419 ], [ 2.1294465, 41.4402336 ], [ 2.1293882, 41.4401744 ], [ 2.1293263, 41.4400253 ], [ 2.1293083, 41.4398965 ], [ 2.1293171, 41.4398462 ], [ 2.1293969, 41.4396186 ], [ 2.1293979, 41.4395815 ], [ 2.1293687, 41.4394567 ], [ 2.1293649, 41.4393832 ], [ 2.129406, 41.4392887 ], [ 2.1294289, 41.4390399 ], [ 2.1294722, 41.4388275 ], [ 2.1294771, 41.4387268 ], [ 2.129391, 41.4383378 ], [ 2.1293035, 41.4380023 ], [ 2.1292896, 41.437821 ], [ 2.1292364, 41.4376649 ], [ 2.1292013, 41.4376031 ], [ 2.1286516, 41.4369156 ], [ 2.1286137, 41.4367899 ], [ 2.1285901, 41.4366337 ], [ 2.1286011, 41.436598 ], [ 2.1287711, 41.4362887 ], [ 2.1287998, 41.4362078 ], [ 2.1288286, 41.4359691 ], [ 2.1287874, 41.4357543 ], [ 2.1287226, 41.4355992 ], [ 2.128718, 41.4355172 ], [ 2.1287399, 41.4354489 ], [ 2.1287963, 41.4350881 ], [ 2.1287641, 41.4349744 ], [ 2.1284884, 41.434386 ], [ 2.128096, 41.4337598 ], [ 2.1282679, 41.4335101 ], [ 2.1281544, 41.4334765 ], [ 2.1276951, 41.4332662 ], [ 2.1275233, 41.4331309 ], [ 2.127345, 41.4328446 ], [ 2.127266, 41.4326317 ], [ 2.1267213, 41.4320746 ], [ 2.1265057, 41.4318096 ], [ 2.1264469, 41.4317141 ], [ 2.1266282, 41.4315957 ], [ 2.1264938, 41.4314971 ], [ 2.12399, 41.4294372 ], [ 2.1238549, 41.4293035 ], [ 2.1236818, 41.4290906 ], [ 2.1227871, 41.4283906 ], [ 2.1224287, 41.4278052 ], [ 2.1223343, 41.4273919 ], [ 2.1223034, 41.427003 ], [ 2.1221027, 41.4266108 ], [ 2.1219399, 41.4264697 ], [ 2.1212691, 41.425834 ], [ 2.1212009, 41.4257746 ], [ 2.121259, 41.425737 ], [ 2.121324, 41.425654 ], [ 2.121346, 41.425561 ], [ 2.121331, 41.425462 ], [ 2.121226, 41.425271 ], [ 2.120525, 41.424126 ], [ 2.120478, 41.4239819 ], [ 2.1204633, 41.4235535 ], [ 2.120539, 41.423079 ], [ 2.120536, 41.422959 ], [ 2.120488, 41.422874 ], [ 2.12046, 41.422759 ], [ 2.120466, 41.422666 ], [ 2.120522, 41.422563 ], [ 2.120668, 41.422316 ], [ 2.120805, 41.422006 ], [ 2.12089, 41.42187 ], [ 2.12099, 41.421767 ], [ 2.121154, 41.421639 ], [ 2.121404, 41.421378 ], [ 2.121499, 41.421227 ], [ 2.121571, 41.421024 ], [ 2.121533, 41.420901 ], [ 2.121504, 41.420864 ], [ 2.121431, 41.420827 ], [ 2.121161, 41.420713 ], [ 2.12121, 41.420692 ], [ 2.121206, 41.42069 ], [ 2.121268, 41.420665 ], [ 2.121266, 41.42066 ], [ 2.121431, 41.42059 ], [ 2.121546, 41.420539 ], [ 2.121558, 41.420561 ], [ 2.121822, 41.420448 ], [ 2.121952, 41.420392 ], [ 2.122057, 41.420347 ], [ 2.12253, 41.420145 ], [ 2.122873, 41.419998 ], [ 2.123007, 41.419943 ], [ 2.124287, 41.419397 ], [ 2.124391, 41.419353 ], [ 2.124729, 41.419211 ], [ 2.124842, 41.41918 ], [ 2.124928, 41.419154 ], [ 2.125152, 41.419074 ], [ 2.12519, 41.419057 ], [ 2.125242, 41.419038 ], [ 2.125316, 41.419007 ], [ 2.125426, 41.418959 ], [ 2.125862, 41.418768 ], [ 2.126444, 41.418511 ], [ 2.126792, 41.418356 ], [ 2.1271185, 41.4182106 ], [ 2.1280464, 41.4177974 ], [ 2.128167, 41.417743 ], [ 2.128784, 41.417467 ], [ 2.128796, 41.417486 ], [ 2.128887, 41.417447 ], [ 2.128993, 41.417402 ], [ 2.129105, 41.417354 ], [ 2.129262, 41.417287 ], [ 2.129271, 41.417283 ], [ 2.129441, 41.41721 ], [ 2.129569, 41.417155 ], [ 2.129658, 41.417118 ], [ 2.12969, 41.417117 ], [ 2.129786, 41.417079 ], [ 2.129904, 41.41703 ], [ 2.130028, 41.416975 ], [ 2.130203, 41.416897 ], [ 2.130439, 41.416791 ], [ 2.130675, 41.416687 ], [ 2.130792, 41.416635 ], [ 2.130899, 41.416587 ], [ 2.13103, 41.41653 ], [ 2.131046, 41.416552 ], [ 2.13117, 41.416499 ], [ 2.131191, 41.416491 ], [ 2.131273, 41.416456 ], [ 2.131282, 41.416468 ], [ 2.131333, 41.416446 ], [ 2.131302, 41.416405 ], [ 2.131296, 41.416407 ], [ 2.13124, 41.416332 ], [ 2.131204, 41.416347 ], [ 2.131088, 41.416397 ], [ 2.130839, 41.416503 ], [ 2.130691, 41.416567 ], [ 2.130409, 41.416687 ], [ 2.13015, 41.416797 ], [ 2.129809, 41.416942 ], [ 2.129689, 41.416994 ], [ 2.129428, 41.417104 ], [ 2.129262, 41.417175 ], [ 2.129189, 41.417206 ], [ 2.128962, 41.417301 ], [ 2.128923, 41.417318 ], [ 2.128811, 41.417155 ], [ 2.1287008, 41.416963 ], [ 2.1285876, 41.416783 ], [ 2.12853, 41.416687 ], [ 2.128428, 41.416629 ], [ 2.128292, 41.416598 ], [ 2.128097, 41.416593 ], [ 2.127785, 41.416607 ], [ 2.127703, 41.416612 ], [ 2.127559, 41.416627 ], [ 2.127389, 41.416669 ], [ 2.12717, 41.416723 ], [ 2.127009, 41.416744 ], [ 2.126877, 41.416752 ], [ 2.126757, 41.416744 ], [ 2.126669, 41.416716 ], [ 2.126608, 41.416678 ], [ 2.126565, 41.41663 ], [ 2.126535, 41.41658 ], [ 2.126487, 41.416422 ], [ 2.126422, 41.416265 ], [ 2.126345, 41.416098 ], [ 2.126293, 41.416002 ], [ 2.12622, 41.415929 ], [ 2.126104, 41.415856 ], [ 2.125873, 41.415773 ], [ 2.125737, 41.41574 ], [ 2.125597, 41.415682 ], [ 2.125532, 41.415633 ], [ 2.125499, 41.415608 ], [ 2.125357, 41.41537 ], [ 2.125306, 41.415272 ], [ 2.125254, 41.415156 ], [ 2.125191, 41.415057 ], [ 2.125118, 41.41495 ], [ 2.125114, 41.414885 ], [ 2.125125, 41.414811 ], [ 2.125313, 41.414359 ], [ 2.125376, 41.414276 ], [ 2.125428, 41.414214 ], [ 2.125496, 41.414151 ], [ 2.125518, 41.414102 ], [ 2.125516, 41.414061 ], [ 2.125483, 41.414006 ], [ 2.125421, 41.413972 ], [ 2.125294, 41.41396 ], [ 2.125103, 41.413949 ], [ 2.125, 41.413936 ], [ 2.124773, 41.413884 ], [ 2.124568, 41.413817 ], [ 2.124419, 41.413744 ], [ 2.124271, 41.413667 ], [ 2.124186, 41.413621 ], [ 2.12409, 41.413604 ], [ 2.123989, 41.413603 ], [ 2.123557, 41.413694 ], [ 2.123496, 41.413719 ], [ 2.123434, 41.413756 ], [ 2.123357, 41.413811 ], [ 2.12325, 41.413914 ], [ 2.123214, 41.413969 ], [ 2.123186, 41.414061 ], [ 2.123208, 41.414186 ], [ 2.12325, 41.414284 ], [ 2.123351, 41.414617 ], [ 2.123406, 41.414816 ], [ 2.123412, 41.41489 ], [ 2.123397, 41.414953 ], [ 2.123341, 41.415015 ], [ 2.123295, 41.415087 ], [ 2.123253, 41.415154 ], [ 2.123223, 41.41526 ], [ 2.123212, 41.415318 ], [ 2.123174, 41.415352 ], [ 2.123118, 41.415366 ], [ 2.123058, 41.415358 ], [ 2.122987, 41.415318 ], [ 2.122702, 41.415092 ], [ 2.122609, 41.415039 ], [ 2.122544, 41.415029 ], [ 2.122487, 41.415038 ], [ 2.122433, 41.415081 ], [ 2.122401, 41.415173 ], [ 2.122386, 41.415369 ], [ 2.122358, 41.415481 ], [ 2.122338, 41.415548 ], [ 2.122297, 41.415603 ], [ 2.122243, 41.41567 ], [ 2.122211, 41.415727 ], [ 2.1222, 41.415814 ], [ 2.122207, 41.415871 ], [ 2.122207, 41.416025 ], [ 2.12217, 41.416093 ], [ 2.122111, 41.416123 ], [ 2.122036, 41.416145 ], [ 2.121945, 41.416169 ], [ 2.121875, 41.416198 ], [ 2.121826, 41.416235 ], [ 2.121778, 41.416285 ], [ 2.121736, 41.416361 ], [ 2.121709, 41.416438 ], [ 2.121693, 41.416523 ], [ 2.121702, 41.416584 ], [ 2.121723, 41.416637 ], [ 2.121736, 41.416691 ], [ 2.121733, 41.416754 ], [ 2.121713, 41.416819 ], [ 2.121674, 41.416868 ], [ 2.121626, 41.416901 ], [ 2.121563, 41.416919 ], [ 2.121525, 41.416912 ], [ 2.121463, 41.416868 ], [ 2.121385, 41.416791 ], [ 2.121284, 41.416675 ], [ 2.12115, 41.416501 ], [ 2.121122, 41.416461 ], [ 2.121066, 41.416316 ], [ 2.12101, 41.416175 ], [ 2.120971, 41.416061 ], [ 2.120945, 41.416021 ], [ 2.120901, 41.415982 ], [ 2.120835, 41.415937 ], [ 2.120775, 41.415924 ], [ 2.120722, 41.415923 ], [ 2.120655, 41.415944 ], [ 2.120386, 41.416065 ], [ 2.120246, 41.416129 ], [ 2.120157, 41.416136 ], [ 2.120083, 41.416113 ], [ 2.120033, 41.416052 ], [ 2.120013, 41.415947 ], [ 2.120012, 41.41586 ], [ 2.120021, 41.415756 ], [ 2.120017, 41.415654 ], [ 2.12004, 41.415546 ], [ 2.120083, 41.415422 ], [ 2.120144, 41.415323 ], [ 2.120266, 41.415149 ], [ 2.120286, 41.415086 ], [ 2.120287, 41.415021 ], [ 2.120264, 41.41497 ], [ 2.120214, 41.414925 ], [ 2.120162, 41.414899 ], [ 2.120085, 41.414886 ], [ 2.120018, 41.414898 ], [ 2.119886, 41.41492 ], [ 2.119756, 41.414945 ], [ 2.119588, 41.41496 ], [ 2.119465, 41.414959 ], [ 2.119386, 41.414955 ], [ 2.118955, 41.414888 ], [ 2.118867, 41.414842 ], [ 2.11882, 41.414779 ], [ 2.118818, 41.414701 ], [ 2.118841, 41.414624 ], [ 2.118867, 41.41451 ], [ 2.118911, 41.414389 ], [ 2.118948, 41.414328 ], [ 2.119002, 41.414224 ], [ 2.119053, 41.414172 ], [ 2.11911, 41.414088 ], [ 2.119174, 41.413972 ], [ 2.119256, 41.413659 ], [ 2.119338, 41.413462 ], [ 2.119387, 41.413403 ], [ 2.119555, 41.413217 ], [ 2.119581, 41.413187 ], [ 2.119619, 41.413115 ], [ 2.11961, 41.412966 ], [ 2.119595, 41.412806 ], [ 2.119581, 41.412602 ], [ 2.119569, 41.412544 ], [ 2.119529, 41.412482 ], [ 2.119478, 41.412447 ], [ 2.119469, 41.412445 ], [ 2.119391, 41.412429 ], [ 2.119292, 41.412445 ], [ 2.119108, 41.412511 ], [ 2.118967, 41.412562 ], [ 2.118901, 41.412606 ], [ 2.118844, 41.412666 ], [ 2.118792, 41.412803 ], [ 2.118772, 41.412905 ], [ 2.118769, 41.413075 ], [ 2.118783, 41.413233 ], [ 2.118781, 41.413408 ], [ 2.118746, 41.413467 ], [ 2.118656, 41.413521 ], [ 2.118532, 41.413568 ], [ 2.118307, 41.413623 ], [ 2.118177, 41.413641 ], [ 2.118034, 41.413642 ], [ 2.11783, 41.413626 ], [ 2.117629, 41.413576 ], [ 2.117442, 41.413537 ], [ 2.117316, 41.413496 ], [ 2.117137, 41.413482 ], [ 2.116978, 41.413495 ], [ 2.116854, 41.413532 ], [ 2.116678, 41.413621 ], [ 2.116596, 41.413684 ], [ 2.1165317, 41.4137536 ], [ 2.1164171, 41.4138996 ], [ 2.11634, 41.414001 ], [ 2.11628, 41.414089 ], [ 2.116193, 41.414136 ], [ 2.116072, 41.414146 ], [ 2.115988, 41.414129 ], [ 2.115919, 41.414096 ], [ 2.115683, 41.413814 ], [ 2.115551, 41.413651 ], [ 2.115307, 41.413246 ], [ 2.115263, 41.413191 ], [ 2.115199, 41.413148 ], [ 2.115076, 41.413118 ], [ 2.114995, 41.413119 ], [ 2.114802, 41.413105 ], [ 2.114684, 41.413071 ], [ 2.114609, 41.413034 ], [ 2.114548, 41.412992 ], [ 2.114507, 41.412943 ], [ 2.11446, 41.412867 ], [ 2.114352, 41.412414 ], [ 2.114339, 41.412332 ], [ 2.114293, 41.412254 ], [ 2.11424, 41.412215 ], [ 2.114146, 41.412166 ], [ 2.114042, 41.412142 ], [ 2.113953, 41.412148 ], [ 2.113784, 41.412178 ], [ 2.11366, 41.412243 ], [ 2.11344, 41.412391 ], [ 2.113283, 41.412526 ], [ 2.113178, 41.412625 ], [ 2.113107, 41.41269 ], [ 2.113036, 41.412731 ], [ 2.11296, 41.41276 ], [ 2.112901, 41.412766 ], [ 2.11284, 41.412765 ], [ 2.112765, 41.412746 ], [ 2.112681, 41.412705 ], [ 2.11258, 41.412603 ], [ 2.11242, 41.412438 ], [ 2.112339, 41.412369 ], [ 2.112228, 41.412333 ], [ 2.112147, 41.41233 ], [ 2.112026, 41.412363 ], [ 2.111876, 41.41245 ], [ 2.11168, 41.412577 ], [ 2.111499, 41.412698 ], [ 2.111437, 41.41275 ], [ 2.111403, 41.412811 ], [ 2.111337, 41.412929 ], [ 2.111285, 41.413055 ], [ 2.111221, 41.413242 ], [ 2.1112, 41.413331 ], [ 2.111176, 41.413459 ], [ 2.111127, 41.413539 ], [ 2.111039, 41.413593 ], [ 2.110953, 41.413594 ], [ 2.110828, 41.413549 ], [ 2.110753, 41.413498 ], [ 2.110518, 41.413264 ], [ 2.110389, 41.41312 ], [ 2.110348, 41.413056 ], [ 2.110316, 41.412982 ], [ 2.110236, 41.412724 ], [ 2.110189, 41.412433 ], [ 2.110151, 41.41234 ], [ 2.11008, 41.412259 ], [ 2.110002, 41.412212 ], [ 2.109927, 41.412203 ], [ 2.109826, 41.412221 ], [ 2.109652, 41.412273 ], [ 2.10953, 41.412337 ], [ 2.109421, 41.412427 ], [ 2.109344, 41.41253 ], [ 2.1093, 41.412618 ], [ 2.109272, 41.412681 ], [ 2.109203, 41.412752 ], [ 2.109116, 41.412823 ], [ 2.10902, 41.412865 ], [ 2.10893, 41.412872 ], [ 2.108858, 41.412851 ], [ 2.108791, 41.412816 ], [ 2.108694, 41.412761 ], [ 2.108543, 41.412711 ], [ 2.108407, 41.41266 ], [ 2.108315, 41.412623 ], [ 2.108243, 41.412555 ], [ 2.108205, 41.412471 ], [ 2.108195, 41.41239 ], [ 2.108219, 41.412327 ], [ 2.108251, 41.412221 ], [ 2.1082282, 41.4120735 ], [ 2.1082124, 41.4119705 ], [ 2.108198, 41.411877 ], [ 2.108211, 41.41178 ], [ 2.108239, 41.411662 ], [ 2.108267, 41.411561 ], [ 2.108234, 41.411486 ], [ 2.108135, 41.411431 ], [ 2.10808, 41.41142 ], [ 2.108025, 41.41141 ], [ 2.107688, 41.411398 ], [ 2.107405, 41.411425 ], [ 2.107164, 41.411466 ], [ 2.106993, 41.411525 ], [ 2.106827, 41.411613 ], [ 2.10663, 41.411733 ], [ 2.106511, 41.411778 ], [ 2.10642, 41.411783 ], [ 2.106317, 41.411742 ], [ 2.106249, 41.411678 ], [ 2.106239, 41.411566 ], [ 2.10624, 41.411485 ], [ 2.10618, 41.411407 ], [ 2.106116, 41.411366 ], [ 2.105998, 41.411328 ], [ 2.105872, 41.411307 ], [ 2.105807, 41.411263 ], [ 2.105778, 41.411173 ], [ 2.105818, 41.411073 ], [ 2.105926, 41.410959 ], [ 2.106085, 41.410833 ], [ 2.106192, 41.410773 ], [ 2.106305, 41.410688 ], [ 2.106409, 41.410591 ], [ 2.106521, 41.410525 ], [ 2.10669, 41.410435 ], [ 2.106772, 41.410366 ], [ 2.106919, 41.410174 ], [ 2.106966, 41.410111 ], [ 2.106967, 41.410022 ], [ 2.106911, 41.409935 ], [ 2.106798, 41.409845 ], [ 2.106741, 41.409804 ], [ 2.106661, 41.409755 ], [ 2.106597, 41.4097 ], [ 2.106541, 41.409613 ], [ 2.106485, 41.409617 ], [ 2.105704, 41.409828 ], [ 2.105641, 41.409842 ], [ 2.105623, 41.40981 ], [ 2.10554, 41.409723 ], [ 2.105472, 41.409662 ], [ 2.105395, 41.409644 ], [ 2.105285, 41.409635 ], [ 2.105185, 41.409645 ], [ 2.105024, 41.409679 ], [ 2.104527, 41.40979 ], [ 2.104385, 41.409821 ], [ 2.104255, 41.409802 ], [ 2.10416, 41.409747 ], [ 2.104111, 41.409703 ], [ 2.104015, 41.409498 ], [ 2.10397, 41.409434 ], [ 2.103909, 41.409385 ], [ 2.103849, 41.409336 ], [ 2.103769, 41.4093 ], [ 2.10362, 41.409259 ], [ 2.103548, 41.409232 ], [ 2.103491, 41.4092 ], [ 2.103449, 41.409171 ], [ 2.103412, 41.409113 ], [ 2.103397, 41.409073 ], [ 2.103534, 41.408573 ], [ 2.103539, 41.408512 ], [ 2.10352, 41.408455 ], [ 2.103506, 41.408383 ], [ 2.103431, 41.408293 ], [ 2.103299, 41.408159 ], [ 2.103242, 41.408104 ], [ 2.103213, 41.408043 ], [ 2.103187, 41.407974 ], [ 2.103199, 41.407894 ], [ 2.103264, 41.407672 ], [ 2.103319, 41.407543 ], [ 2.103381, 41.407472 ], [ 2.103478, 41.407395 ], [ 2.103589, 41.407347 ], [ 2.103708, 41.407324 ], [ 2.104143, 41.407279 ], [ 2.104285, 41.407243 ], [ 2.104354, 41.407209 ], [ 2.104385, 41.407168 ], [ 2.104401, 41.407122 ], [ 2.104383, 41.407036 ], [ 2.104272, 41.406474 ], [ 2.104266, 41.406367 ], [ 2.104279, 41.406281 ], [ 2.104349, 41.406189 ], [ 2.10446, 41.406121 ], [ 2.104733, 41.406008 ], [ 2.104874, 41.406018 ], [ 2.104992, 41.406065 ], [ 2.105344, 41.406338 ], [ 2.105446, 41.406434 ], [ 2.10559, 41.406481 ], [ 2.105705, 41.406485 ], [ 2.105971, 41.406423 ], [ 2.106201, 41.406391 ], [ 2.106338, 41.406412 ], [ 2.106421, 41.40651 ], [ 2.106477, 41.40662 ], [ 2.106566, 41.406788 ], [ 2.106642, 41.406878 ], [ 2.106751, 41.406945 ], [ 2.106885, 41.406972 ], [ 2.107008, 41.406947 ], [ 2.107127, 41.406853 ], [ 2.107265, 41.406716 ], [ 2.107377, 41.406613 ], [ 2.107477, 41.406559 ], [ 2.107562, 41.406531 ], [ 2.107722, 41.406541 ], [ 2.107825, 41.406582 ], [ 2.107962, 41.406635 ], [ 2.10814, 41.40672 ], [ 2.108277, 41.406833 ], [ 2.108386, 41.406946 ], [ 2.108511, 41.407016 ], [ 2.108645, 41.407026 ], [ 2.10879, 41.407024 ], [ 2.108909, 41.406982 ], [ 2.109013, 41.406899 ], [ 2.109087, 41.406799 ], [ 2.109093, 41.406664 ], [ 2.108973, 41.406329 ], [ 2.108911, 41.406121 ], [ 2.108893, 41.406017 ], [ 2.108833, 41.405919 ], [ 2.10875, 41.405834 ], [ 2.108625, 41.40575 ], [ 2.108397, 41.405633 ], [ 2.108227, 41.405548 ], [ 2.107928, 41.405356 ], [ 2.107826, 41.405231 ], [ 2.107737, 41.405026 ], [ 2.107697, 41.404899 ], [ 2.107622, 41.404766 ], [ 2.107512, 41.404702 ], [ 2.107383, 41.404643 ], [ 2.107304, 41.404579 ], [ 2.10729, 41.404496 ], [ 2.107351, 41.404339 ], [ 2.107419, 41.404206 ], [ 2.107442, 41.404091 ], [ 2.10744, 41.404049 ], [ 2.107417, 41.403761 ], [ 2.107407, 41.403687 ], [ 2.107357, 41.403572 ], [ 2.107287, 41.40349 ], [ 2.10722, 41.403436 ], [ 2.107115, 41.403362 ], [ 2.107041, 41.403321 ], [ 2.106868, 41.403265 ], [ 2.106686, 41.403234 ], [ 2.106522, 41.403227 ], [ 2.106412, 41.40323 ], [ 2.10625, 41.403256 ], [ 2.106131, 41.403282 ], [ 2.106048, 41.403285 ], [ 2.105973, 41.403268 ], [ 2.10592, 41.403239 ], [ 2.105887, 41.403195 ], [ 2.105874, 41.403127 ], [ 2.105883, 41.402951 ], [ 2.105834, 41.402744 ], [ 2.105794, 41.402623 ], [ 2.105764, 41.402559 ], [ 2.105694, 41.402486 ], [ 2.105562, 41.402366 ], [ 2.105476, 41.402319 ], [ 2.105371, 41.402282 ], [ 2.10524, 41.402258 ], [ 2.105156, 41.402217 ], [ 2.105125, 41.40217 ], [ 2.105123, 41.402116 ], [ 2.105149, 41.402061 ], [ 2.105225, 41.401984 ], [ 2.105275, 41.401888 ], [ 2.105278, 41.401827 ], [ 2.105254, 41.401696 ], [ 2.105114, 41.401462 ], [ 2.104834, 41.401076 ], [ 2.104784, 41.40103 ], [ 2.104719, 41.400979 ], [ 2.104639, 41.400949 ], [ 2.104579, 41.400937 ], [ 2.104485, 41.400927 ], [ 2.104434, 41.4009 ], [ 2.104403, 41.400857 ], [ 2.104398, 41.40083 ], [ 2.103999, 41.400956 ], [ 2.103838, 41.401005 ], [ 2.103774, 41.401023 ], [ 2.103685, 41.401046 ], [ 2.103609, 41.401065 ], [ 2.103516, 41.401086 ], [ 2.103418, 41.401102 ], [ 2.103329, 41.401114 ], [ 2.103219, 41.401101 ], [ 2.10318, 41.401095 ], [ 2.103149, 41.401089 ], [ 2.10312, 41.401088 ], [ 2.103089, 41.40109 ], [ 2.103062, 41.401094 ], [ 2.103009, 41.401103 ], [ 2.102977, 41.401104 ], [ 2.102947, 41.401101 ], [ 2.1029257, 41.4010965 ], [ 2.1029258, 41.4010966 ], [ 2.1029094, 41.4010583 ], [ 2.1028931, 41.4009774 ], [ 2.1028974, 41.400878 ], [ 2.1029019, 41.40076 ], [ 2.1028945, 41.4006671 ], [ 2.1028693, 41.4006003 ], [ 2.1028327, 41.4005203 ], [ 2.1027762, 41.4004454 ], [ 2.1026744, 41.4003239 ], [ 2.1025489, 41.4001938 ], [ 2.1024181, 41.4000511 ], [ 2.1023425, 41.3999546 ], [ 2.1022875, 41.3999003 ], [ 2.1022169, 41.3998258 ], [ 2.1021623, 41.3997465 ], [ 2.1021264, 41.3996573 ], [ 2.102089, 41.3995771 ], [ 2.1020356, 41.3995038 ], [ 2.1019715, 41.3994394 ], [ 2.1019192, 41.39939 ], [ 2.1018066, 41.3992803 ], [ 2.101736, 41.3992028 ], [ 2.101681, 41.3991505 ], [ 2.1015759, 41.3990787 ], [ 2.1014838, 41.3990251 ], [ 2.1013691, 41.3989702 ], [ 2.1012637, 41.3989205 ], [ 2.1011622, 41.3988727 ], [ 2.1010631, 41.3988329 ], [ 2.1009276, 41.3987755 ], [ 2.1008281, 41.398733 ], [ 2.1007094, 41.3986812 ], [ 2.1005765, 41.3986148 ], [ 2.1005299, 41.3985827 ], [ 2.1004956, 41.3985515 ], [ 2.1004627, 41.3985071 ], [ 2.1004594, 41.3983454 ], [ 2.1004772, 41.3982657 ], [ 2.1004631, 41.3980745 ], [ 2.1004446, 41.3980029 ], [ 2.1003838, 41.3979143 ], [ 2.1003683, 41.39787 ], [ 2.1003193, 41.3977857 ], [ 2.1002709, 41.3977282 ], [ 2.1002144, 41.3976619 ], [ 2.100175, 41.3976155 ], [ 2.100147, 41.3975636 ], [ 2.1000923, 41.3973638 ], [ 2.1000676, 41.3972583 ], [ 2.1000398, 41.3970992 ], [ 2.1000103, 41.3969739 ], [ 2.0999678, 41.3968899 ], [ 2.0999251, 41.3968125 ], [ 2.0998417, 41.3967047 ], [ 2.0997551, 41.3966095 ], [ 2.0996275, 41.3964909 ], [ 2.0994986, 41.3963844 ], [ 2.0993871, 41.3962716 ], [ 2.0992649, 41.3960704 ], [ 2.0991717, 41.3958791 ], [ 2.0991194, 41.39577 ], [ 2.0990745, 41.3955839 ], [ 2.0990209, 41.3954124 ], [ 2.0989679, 41.3953495 ], [ 2.0988711, 41.3952644 ], [ 2.0987484, 41.3951783 ], [ 2.0986191, 41.3950759 ], [ 2.0985089, 41.3949827 ], [ 2.0984601, 41.3949085 ], [ 2.0984083, 41.3947887 ], [ 2.0983276, 41.3946098 ], [ 2.0982115, 41.3944402 ], [ 2.098087, 41.3942527 ], [ 2.0979223, 41.3940932 ], [ 2.0977918, 41.3939571 ], [ 2.0980166, 41.3936376 ], [ 2.0980384, 41.3936032 ], [ 2.0980513, 41.3934287 ], [ 2.0984794, 41.3931563 ], [ 2.0989048, 41.3929703 ], [ 2.0989899, 41.3929222 ], [ 2.0991277, 41.3928114 ], [ 2.0992272, 41.3927028 ], [ 2.0993758, 41.3924633 ], [ 2.0994787, 41.3923685 ], [ 2.0996446, 41.392192 ], [ 2.0997146, 41.3921133 ], [ 2.099796, 41.3920045 ], [ 2.0998021, 41.3918241 ], [ 2.0997755, 41.3916489 ], [ 2.0997751, 41.3914562 ], [ 2.0998241, 41.3909791 ], [ 2.0998558, 41.3907897 ], [ 2.099947, 41.3904204 ], [ 2.0999737, 41.3902671 ], [ 2.1000176, 41.3901405 ], [ 2.1001707, 41.3899047 ], [ 2.1002488, 41.3896868 ], [ 2.1002469, 41.3895884 ], [ 2.1001975, 41.3893788 ], [ 2.100206, 41.3892962 ], [ 2.1002569, 41.3890988 ], [ 2.1003079, 41.388954 ], [ 2.1004924, 41.388606 ], [ 2.1005899, 41.3884099 ], [ 2.1007048, 41.3882642 ], [ 2.1011673, 41.3880059 ], [ 2.1015918, 41.3877877 ], [ 2.1018812, 41.3876546 ], [ 2.1021076, 41.3875707 ], [ 2.1022908, 41.3875181 ], [ 2.1022547, 41.3874674 ], [ 2.1022347, 41.3874647 ], [ 2.1022152, 41.3874603 ], [ 2.1021964, 41.3874542 ], [ 2.1021672, 41.3874406 ], [ 2.1021271, 41.3874146 ], [ 2.1020697, 41.3873774 ], [ 2.1020323, 41.3873558 ], [ 2.1020125, 41.3873463 ], [ 2.1019682, 41.3873311 ], [ 2.1019267, 41.3873183 ], [ 2.1018318, 41.3872957 ], [ 2.1017504, 41.3872792 ], [ 2.1015983, 41.3872499 ], [ 2.1014959, 41.3872229 ], [ 2.1014478, 41.3872102 ], [ 2.1013872, 41.3871911 ], [ 2.1012874, 41.3871583 ], [ 2.1012496, 41.3871467 ], [ 2.1011853, 41.3871163 ], [ 2.1011144, 41.3870815 ], [ 2.1013498, 41.3868492 ], [ 2.1014438, 41.386796 ], [ 2.1015386, 41.386727 ], [ 2.1015805, 41.3866432 ], [ 2.1016785, 41.386579 ], [ 2.101807, 41.3864949 ], [ 2.101881, 41.3864121 ], [ 2.1019127, 41.3864014 ], [ 2.1019464, 41.3863388 ], [ 2.1020064, 41.3862853 ], [ 2.1020293, 41.3862459 ], [ 2.1022626, 41.3861179 ], [ 2.102292, 41.3860633 ], [ 2.1023519, 41.3859935 ], [ 2.1023898, 41.3859458 ], [ 2.1024911, 41.3858852 ], [ 2.1025107, 41.3858468 ], [ 2.1025245, 41.3858196 ], [ 2.1026099, 41.3857504 ], [ 2.1026801, 41.3855854 ], [ 2.1026859, 41.3855524 ], [ 2.1028932, 41.3854875 ], [ 2.1033814, 41.384579 ], [ 2.1033936, 41.3845532 ], [ 2.1033545, 41.3845167 ], [ 2.1033671, 41.3844933 ], [ 2.1034349, 41.3843675 ], [ 2.1033462, 41.3842585 ], [ 2.1032378, 41.3841236 ], [ 2.1031261, 41.383992 ], [ 2.1029315, 41.3837836 ], [ 2.1028946, 41.3837505 ], [ 2.1028562, 41.3837182 ], [ 2.1028164, 41.3836869 ], [ 2.1027753, 41.3836566 ], [ 2.1027328, 41.3836274 ], [ 2.102684, 41.3835981 ], [ 2.1026337, 41.3835703 ], [ 2.1025821, 41.3835438 ], [ 2.1025293, 41.3835188 ], [ 2.1024752, 41.3834953 ], [ 2.102254, 41.3834222 ], [ 2.102179, 41.3834058 ], [ 2.1020749, 41.3833846 ], [ 2.1019257, 41.3833527 ], [ 2.1016689, 41.3833014 ], [ 2.1015913, 41.3832856 ], [ 2.1015143, 41.3832683 ], [ 2.101438, 41.3832493 ], [ 2.1013623, 41.3832288 ], [ 2.1011815, 41.3831757 ], [ 2.1017077, 41.3818271 ], [ 2.1017079, 41.3818266 ], [ 2.1017289, 41.3817729 ], [ 2.1019317, 41.381343 ], [ 2.102541, 41.3806867 ], [ 2.1025929, 41.3806418 ], [ 2.1026558, 41.3805963 ], [ 2.1031791, 41.3802797 ], [ 2.1032572, 41.3802704 ], [ 2.103333, 41.3802576 ], [ 2.1033913, 41.3802458 ], [ 2.1034407, 41.380234 ], [ 2.1034854, 41.3802219 ], [ 2.1035414, 41.3802049 ], [ 2.1036003, 41.3801846 ], [ 2.1036514, 41.3801661 ], [ 2.1037201, 41.3801378 ], [ 2.1037743, 41.3801123 ], [ 2.1038212, 41.380088 ], [ 2.1038616, 41.3800652 ], [ 2.1039013, 41.38004 ], [ 2.1039628, 41.3799995 ], [ 2.1040025, 41.379972 ], [ 2.1040446, 41.3799427 ], [ 2.105499, 41.3788768 ], [ 2.1059826, 41.3792338 ], [ 2.1060957, 41.3791762 ], [ 2.1074944, 41.3784646 ], [ 2.1081409, 41.3781356 ], [ 2.1081676, 41.3780941 ], [ 2.1082296, 41.3780066 ], [ 2.108312, 41.3779034 ], [ 2.1083892, 41.3778175 ], [ 2.1085028, 41.377705 ], [ 2.1086395, 41.3775813 ], [ 2.1087331, 41.377488 ], [ 2.1088196, 41.3773901 ], [ 2.1089219, 41.3772606 ], [ 2.1089856, 41.3771694 ], [ 2.109065, 41.3770379 ], [ 2.1091287, 41.3769154 ], [ 2.1091817, 41.3768 ], [ 2.1092274, 41.3766733 ], [ 2.1092534, 41.3765814 ], [ 2.1092892, 41.3764288 ], [ 2.1093038, 41.376328 ], [ 2.1093141, 41.3762391 ], [ 2.1093172, 41.3761946 ], [ 2.1093193, 41.376149 ], [ 2.1093064, 41.3759449 ], [ 2.1135711, 41.37586 ], [ 2.1173661, 41.3757843 ], [ 2.1178012, 41.3757756 ], [ 2.1196986, 41.3769012 ], [ 2.1197272, 41.3769182 ], [ 2.121058, 41.3777076 ], [ 2.1214412, 41.3779856 ], [ 2.1214883, 41.3778402 ], [ 2.1215318, 41.3776858 ], [ 2.1215816, 41.3775714 ], [ 2.1216454, 41.3773416 ], [ 2.1216533, 41.3772607 ], [ 2.1216286, 41.3764446 ], [ 2.1216186, 41.3761119 ], [ 2.1216619, 41.3759711 ], [ 2.1217026, 41.3758809 ], [ 2.1217869, 41.3756947 ], [ 2.1218406, 41.3755762 ], [ 2.1220814, 41.3754147 ], [ 2.1223477, 41.3752865 ], [ 2.1232408, 41.3748504 ], [ 2.1232752, 41.3748188 ], [ 2.123497, 41.3746108 ], [ 2.1236001, 41.3745135 ], [ 2.1236925, 41.3744206 ], [ 2.1237608, 41.3743413 ], [ 2.1238098, 41.374275 ], [ 2.1238241, 41.374254 ], [ 2.1239044, 41.3741126 ], [ 2.1241923, 41.3736344 ], [ 2.1242181, 41.3735921 ], [ 2.1242278, 41.373578 ], [ 2.1242343, 41.3735705 ], [ 2.1242437, 41.3735603 ], [ 2.1242548, 41.3735499 ], [ 2.124267, 41.3735404 ], [ 2.1242802, 41.3735316 ], [ 2.1242984, 41.373521 ], [ 2.1243925, 41.3734719 ], [ 2.1248684, 41.3732175 ], [ 2.1249349, 41.3731803 ], [ 2.1254542, 41.3728889 ], [ 2.1257003, 41.3727198 ], [ 2.1260078, 41.3725025 ], [ 2.1261325, 41.3724212 ], [ 2.1264487, 41.3722152 ], [ 2.1265696, 41.3721316 ], [ 2.1268515, 41.3719367 ], [ 2.1269895, 41.3718417 ], [ 2.1273006, 41.3716261 ], [ 2.1273478, 41.3716029 ], [ 2.127413, 41.3715709 ], [ 2.1279489, 41.3712759 ], [ 2.1281361, 41.371181 ], [ 2.128516, 41.3710463 ], [ 2.1288722, 41.3709178 ], [ 2.1292301, 41.3707261 ], [ 2.1293452, 41.3706283 ], [ 2.1294373, 41.3705492 ], [ 2.1299037, 41.3701556 ], [ 2.1299962, 41.3700834 ], [ 2.1300887, 41.3700112 ], [ 2.1301664, 41.3699541 ], [ 2.1302413, 41.3698949 ], [ 2.1303175, 41.3698293 ], [ 2.1304152, 41.3697347 ], [ 2.1304682, 41.3696791 ], [ 2.1305152, 41.3696271 ], [ 2.1305812, 41.3695518 ], [ 2.1306464, 41.3694728 ], [ 2.1306952, 41.3694057 ], [ 2.1307486, 41.36933 ], [ 2.1308655, 41.3691742 ], [ 2.1310407, 41.3689265 ], [ 2.1311513, 41.3687611 ], [ 2.1312562, 41.3685957 ], [ 2.1314281, 41.3683154 ], [ 2.1314845, 41.3682199 ], [ 2.1314951, 41.368202 ], [ 2.1316308, 41.3679722 ], [ 2.1318949, 41.3672542 ], [ 2.1320305, 41.366778 ], [ 2.1323111, 41.3663711 ], [ 2.1328854, 41.3655384 ], [ 2.132868, 41.365361 ], [ 2.1328939, 41.3653077 ], [ 2.1335539, 41.3639474 ], [ 2.1336563, 41.3636146 ], [ 2.1337973, 41.3635083 ], [ 2.1340932, 41.3632854 ], [ 2.1354301, 41.3622565 ], [ 2.1349922, 41.361514 ], [ 2.1348673, 41.3613433 ], [ 2.1347791, 41.3612427 ], [ 2.1346843, 41.3611489 ], [ 2.1345615, 41.3610421 ], [ 2.1344809, 41.360982 ], [ 2.1331594, 41.3599966 ], [ 2.1329666, 41.3598528 ], [ 2.1333098, 41.3593806 ], [ 2.1328524, 41.3591915 ], [ 2.1333651, 41.3584845 ], [ 2.133216, 41.3584266 ], [ 2.1332125, 41.358023 ], [ 2.1331936, 41.3574166 ], [ 2.1331033, 41.3568762 ], [ 2.1329701, 41.3564968 ], [ 2.1331879, 41.3561774 ], [ 2.1320696, 41.3557435 ], [ 2.1330536, 41.3543033 ], [ 2.1338998, 41.3530596 ], [ 2.133771, 41.3530051 ], [ 2.1350422, 41.3513011 ], [ 2.1351754, 41.3511351 ], [ 2.1352994, 41.3509918 ], [ 2.1355949, 41.3506818 ], [ 2.1356286, 41.3506468 ], [ 2.1365221, 41.3497136 ], [ 2.1367113, 41.3495159 ], [ 2.1369327, 41.3492847 ], [ 2.1372024, 41.349003 ], [ 2.137264, 41.3489387 ], [ 2.1374221, 41.3487736 ], [ 2.1370744, 41.3486525 ], [ 2.1367861, 41.3483648 ], [ 2.135664, 41.3479785 ], [ 2.1347962, 41.3476844 ], [ 2.1335455, 41.3472556 ], [ 2.132119, 41.3467686 ], [ 2.1312222, 41.3464477 ], [ 2.1300607, 41.3460153 ], [ 2.1292682, 41.3457182 ], [ 2.1287424, 41.345523 ], [ 2.1280919, 41.345298 ], [ 2.1128809, 41.3402562 ], [ 2.1134478, 41.3401739 ], [ 2.1137674, 41.340099 ], [ 2.1140897, 41.3400308 ], [ 2.1144143, 41.3399694 ], [ 2.1147411, 41.3399148 ], [ 2.1150698, 41.339867 ], [ 2.1154001, 41.3398262 ], [ 2.1157317, 41.3397923 ], [ 2.1160645, 41.3397654 ], [ 2.1163982, 41.3397454 ], [ 2.1167325, 41.3397324 ], [ 2.1170671, 41.3397265 ], [ 2.1174018, 41.3397275 ], [ 2.1177363, 41.3397356 ], [ 2.1180705, 41.3397507 ], [ 2.1183761, 41.339769 ], [ 2.1186809, 41.3397938 ], [ 2.1189846, 41.3398252 ], [ 2.1192871, 41.3398631 ], [ 2.119588, 41.3399074 ], [ 2.1198871, 41.3399581 ], [ 2.1201841, 41.3400152 ], [ 2.1204789, 41.3400787 ], [ 2.1207712, 41.3401484 ], [ 2.1210608, 41.3402244 ], [ 2.1213473, 41.3403065 ], [ 2.1216307, 41.3403948 ], [ 2.1219106, 41.340489 ], [ 2.1277111, 41.3425028 ], [ 2.1343973, 41.3447932 ], [ 2.1357638, 41.3452612 ], [ 2.1369631, 41.345672 ], [ 2.137369, 41.345811 ], [ 2.140456, 41.346926 ], [ 2.1431395, 41.3480208 ], [ 2.1438411, 41.348307 ], [ 2.144856, 41.348721 ], [ 2.14774, 41.349835 ], [ 2.1486842, 41.3502411 ], [ 2.1492685, 41.3504957 ], [ 2.1495212, 41.3506198 ], [ 2.1497788, 41.3507379 ], [ 2.1500411, 41.35085 ], [ 2.150308, 41.3509559 ], [ 2.150579, 41.3510555 ], [ 2.150854, 41.3511487 ], [ 2.1511327, 41.3512356 ], [ 2.1514149, 41.3513158 ], [ 2.1517002, 41.3513895 ], [ 2.152835, 41.3516838 ], [ 2.1542305, 41.3519979 ], [ 2.1550609, 41.3521938 ], [ 2.1553196, 41.3522651 ], [ 2.1555752, 41.3523424 ], [ 2.1558276, 41.3524256 ], [ 2.1560764, 41.3525146 ], [ 2.1563215, 41.3526093 ], [ 2.1565626, 41.3527096 ], [ 2.1567995, 41.3528156 ], [ 2.156985, 41.352907 ], [ 2.157351, 41.353115 ], [ 2.157792, 41.353388 ], [ 2.158414, 41.353835 ], [ 2.159226, 41.354463 ], [ 2.159911, 41.355098 ], [ 2.15993, 41.355116 ], [ 2.15995, 41.355134 ], [ 2.15999, 41.355171 ], [ 2.160031, 41.355209 ], [ 2.160059, 41.355235 ], [ 2.160114, 41.355285 ], [ 2.160194, 41.355359 ], [ 2.160234, 41.355395 ], [ 2.160275, 41.355433 ], [ 2.160296, 41.355453 ], [ 2.160341, 41.355494 ], [ 2.160403, 41.355552 ], [ 2.160434, 41.355581 ], [ 2.160482, 41.355625 ], [ 2.160505, 41.355646 ], [ 2.160528, 41.355668 ], [ 2.160543, 41.355682 ], [ 2.160573, 41.355709 ], [ 2.160617, 41.35575 ], [ 2.160646, 41.355777 ], [ 2.160666, 41.355795 ], [ 2.160705, 41.355831 ], [ 2.160735, 41.355858 ], [ 2.160794, 41.355913 ], [ 2.16084, 41.355954 ], [ 2.160885, 41.355995 ], [ 2.160908, 41.356016 ], [ 2.160953, 41.356058 ], [ 2.160994, 41.356094 ], [ 2.161014, 41.356113 ], [ 2.161043, 41.35614 ], [ 2.161087, 41.35618 ], [ 2.161109, 41.3562 ], [ 2.161131, 41.356219 ], [ 2.161173, 41.356257 ], [ 2.161227, 41.356306 ], [ 2.161253, 41.35633 ], [ 2.161292, 41.356365 ], [ 2.161311, 41.356382 ], [ 2.161349, 41.356417 ], [ 2.161387, 41.356451 ], [ 2.161467, 41.356524 ], [ 2.161526, 41.356578 ], [ 2.161557, 41.356606 ], [ 2.161604, 41.356649 ], [ 2.161652, 41.356692 ], [ 2.161676, 41.356713 ], [ 2.161699, 41.356734 ], [ 2.161747, 41.356777 ], [ 2.161813, 41.356837 ], [ 2.161849, 41.35687 ], [ 2.161907, 41.356922 ], [ 2.161964, 41.356974 ], [ 2.161994, 41.357001 ], [ 2.162039, 41.357042 ], [ 2.162084, 41.357083 ], [ 2.162106, 41.357103 ], [ 2.162135, 41.357129 ], [ 2.162148, 41.357142 ], [ 2.162168, 41.35716 ], [ 2.162197, 41.357186 ], [ 2.162324, 41.357297 ], [ 2.162374, 41.357342 ], [ 2.162438, 41.357399 ], [ 2.162501, 41.357456 ], [ 2.162545, 41.357496 ], [ 2.162589, 41.357535 ], [ 2.162602, 41.357547 ], [ 2.162608, 41.357551 ], [ 2.162627, 41.357567 ], [ 2.162664, 41.3576 ], [ 2.162703, 41.357634 ], [ 2.162741, 41.357667 ], [ 2.162791, 41.35771 ], [ 2.162841, 41.357752 ], [ 2.162871, 41.357778 ], [ 2.162901, 41.357804 ], [ 2.162921, 41.357821 ], [ 2.162939, 41.357836 ], [ 2.162957, 41.357851 ], [ 2.162994, 41.35788 ], [ 2.163036, 41.357915 ], [ 2.163079, 41.35795 ], [ 2.163132, 41.357994 ], [ 2.163184, 41.358039 ], [ 2.163223, 41.358068 ], [ 2.163261, 41.358097 ], [ 2.163388, 41.358193 ], [ 2.163515, 41.358288 ], [ 2.163583, 41.358339 ], [ 2.163594, 41.358347 ], [ 2.163651, 41.358389 ], [ 2.163697, 41.358423 ], [ 2.163782, 41.358484 ], [ 2.163868, 41.358546 ], [ 2.163949, 41.358605 ], [ 2.164031, 41.358665 ], [ 2.164108, 41.3587218 ], [ 2.16445, 41.358971 ], [ 2.164531, 41.35903 ], [ 2.164607, 41.359085 ], [ 2.164683, 41.35914 ], [ 2.164746, 41.359185 ], [ 2.164809, 41.359229 ], [ 2.164851, 41.359259 ], [ 2.164884, 41.359282 ], [ 2.164917, 41.359305 ], [ 2.164983, 41.35935 ], [ 2.165047, 41.359393 ], [ 2.165111, 41.359436 ], [ 2.16518, 41.359481 ], [ 2.165248, 41.359526 ], [ 2.165294, 41.359556 ], [ 2.165341, 41.359585 ], [ 2.165372, 41.359604 ], [ 2.165414, 41.35963 ], [ 2.165488, 41.359674 ], [ 2.165562, 41.359719 ], [ 2.165646, 41.359769 ], [ 2.16573, 41.359819 ], [ 2.165817, 41.359871 ], [ 2.165904, 41.359923 ], [ 2.165975, 41.359966 ], [ 2.166045, 41.360009 ], [ 2.16608, 41.36003 ], [ 2.166114, 41.360052 ], [ 2.166183, 41.360096 ], [ 2.166261, 41.360147 ], [ 2.16634, 41.360198 ], [ 2.166401, 41.360238 ], [ 2.166462, 41.360278 ], [ 2.166502, 41.360305 ], [ 2.166566, 41.360348 ], [ 2.166629, 41.360392 ], [ 2.166708, 41.360447 ], [ 2.166768, 41.360489 ], [ 2.166788, 41.360503 ], [ 2.166841, 41.360541 ], [ 2.166894, 41.360579 ], [ 2.166958, 41.360625 ], [ 2.167022, 41.360672 ], [ 2.167063, 41.360701 ], [ 2.167104, 41.36073 ], [ 2.167131, 41.360749 ], [ 2.167189, 41.360792 ], [ 2.167248, 41.360835 ], [ 2.167299, 41.360872 ], [ 2.167349, 41.360909 ], [ 2.167409, 41.360951 ], [ 2.167468, 41.360993 ], [ 2.167546, 41.36105 ], [ 2.167625, 41.361107 ], [ 2.167691, 41.361154 ], [ 2.167758, 41.361202 ], [ 2.16781, 41.36124 ], [ 2.167863, 41.361278 ], [ 2.167941, 41.361334 ], [ 2.168018, 41.36139 ], [ 2.168067, 41.361425 ], [ 2.168116, 41.36146 ], [ 2.168157, 41.36149 ], [ 2.168198, 41.36152 ], [ 2.168251, 41.361558 ], [ 2.168303, 41.361595 ], [ 2.168364, 41.36164 ], [ 2.168426, 41.361684 ], [ 2.168467, 41.361714 ], [ 2.168508, 41.361743 ], [ 2.168532, 41.361761 ], [ 2.168555, 41.36178 ], [ 2.168602, 41.361817 ], [ 2.168648, 41.361853 ], [ 2.168694, 41.361889 ], [ 2.168725, 41.361914 ], [ 2.168748, 41.361933 ], [ 2.16877, 41.361952 ], [ 2.168815, 41.36199 ], [ 2.168846, 41.362017 ], [ 2.168877, 41.362044 ], [ 2.168897, 41.362062 ], [ 2.168918, 41.362081 ], [ 2.168938, 41.3621 ], [ 2.168978, 41.362139 ], [ 2.169013, 41.362173 ], [ 2.169047, 41.362207 ], [ 2.169079, 41.362239 ], [ 2.169111, 41.362272 ], [ 2.169131, 41.362294 ], [ 2.16915, 41.362314 ], [ 2.169169, 41.362334 ], [ 2.169205, 41.362375 ], [ 2.16924, 41.362415 ], [ 2.169274, 41.362454 ], [ 2.169311, 41.362499 ], [ 2.169324, 41.362515 ], [ 2.169348, 41.362544 ], [ 2.169372, 41.362574 ], [ 2.169395, 41.362603 ], [ 2.169411, 41.362623 ], [ 2.16944, 41.362661 ], [ 2.169469, 41.362699 ], [ 2.169505, 41.362746 ], [ 2.169541, 41.362793 ], [ 2.169562, 41.362821 ], [ 2.169583, 41.362849 ], [ 2.169626, 41.362906 ], [ 2.169664, 41.362959 ], [ 2.169701, 41.363011 ], [ 2.169737, 41.363061 ], [ 2.169774, 41.36311 ], [ 2.169815, 41.363166 ], [ 2.169856, 41.363221 ], [ 2.169908, 41.363291 ], [ 2.16996, 41.36336 ], [ 2.169994, 41.363406 ], [ 2.1700007, 41.3634148 ], [ 2.170895, 41.364627 ], [ 2.170923, 41.364667 ], [ 2.170937, 41.364686 ], [ 2.170947, 41.3647 ], [ 2.170971, 41.364734 ], [ 2.171001, 41.364776 ], [ 2.171031, 41.364819 ], [ 2.171063, 41.364864 ], [ 2.171095, 41.36491 ], [ 2.171116, 41.36494 ], [ 2.171137, 41.364971 ], [ 2.17115, 41.364991 ], [ 2.171176, 41.365032 ], [ 2.171202, 41.365073 ], [ 2.171232, 41.365122 ], [ 2.171263, 41.36517 ], [ 2.171278, 41.365194 ], [ 2.171292, 41.365217 ], [ 2.171319, 41.365264 ], [ 2.171339, 41.365298 ], [ 2.171358, 41.365331 ], [ 2.17137, 41.365353 ], [ 2.171392, 41.365394 ], [ 2.171414, 41.365435 ], [ 2.171438, 41.365478 ], [ 2.171462, 41.365522 ], [ 2.171489, 41.365573 ], [ 2.171516, 41.365624 ], [ 2.171548, 41.365683 ], [ 2.17158, 41.365742 ], [ 2.171605, 41.365789 ], [ 2.171631, 41.365837 ], [ 2.171644, 41.365862 ], [ 2.171657, 41.365887 ], [ 2.171679, 41.36593 ], [ 2.171702, 41.365973 ], [ 2.17173, 41.366027 ], [ 2.171759, 41.366081 ], [ 2.17178, 41.366122 ], [ 2.171997, 41.366506 ], [ 2.17214, 41.366752 ], [ 2.172569, 41.367388 ], [ 2.173051, 41.368008 ], [ 2.173379, 41.368392 ], [ 2.1736045, 41.3689599 ], [ 2.1735846, 41.3690781 ], [ 2.173577, 41.3691965 ], [ 2.1736178, 41.3693567 ], [ 2.1736632, 41.3694707 ], [ 2.1736908, 41.369557 ], [ 2.1737694, 41.3697282 ], [ 2.1738479, 41.3698825 ], [ 2.1739346, 41.3700437 ], [ 2.173996, 41.3701582 ], [ 2.1740489, 41.3702562 ], [ 2.1740929, 41.3703241 ], [ 2.1741913, 41.3704478 ], [ 2.1743454, 41.3706126 ], [ 2.174581, 41.3708587 ], [ 2.174829, 41.37111 ], [ 2.1748537, 41.3711392 ], [ 2.1749057, 41.3711962 ], [ 2.1749697, 41.3712658 ], [ 2.1750532, 41.3713594 ], [ 2.1751055, 41.3714213 ], [ 2.1751336, 41.3714584 ], [ 2.1751449, 41.3714733 ], [ 2.175145, 41.3714734 ], [ 2.176239, 41.372833 ], [ 2.176323, 41.372937 ], [ 2.176393, 41.373023 ], [ 2.1763953, 41.3730254 ], [ 2.1764809, 41.3730947 ], [ 2.1765176, 41.3731178 ], [ 2.1765831, 41.3731417 ], [ 2.1766879, 41.3731671 ], [ 2.17675, 41.373179 ], [ 2.1766758, 41.3734402 ], [ 2.1766873, 41.3734545 ], [ 2.1767116, 41.3734708 ], [ 2.1767636, 41.3735123 ], [ 2.176808, 41.3735557 ], [ 2.1768457, 41.3736002 ], [ 2.1768698, 41.3736334 ], [ 2.1768907, 41.3736697 ], [ 2.1769112, 41.373704 ], [ 2.1769245, 41.3737429 ], [ 2.176951, 41.3737621 ], [ 2.1769904, 41.3737795 ], [ 2.1772296, 41.373839 ], [ 2.1772482, 41.3738459 ], [ 2.1772748, 41.3738803 ], [ 2.1773827, 41.3740198 ], [ 2.1775996, 41.3739783 ], [ 2.1781522, 41.3738547 ] ] ] } }
]
}
