{"type":"FeatureCollection","features":[{"type":"Feature","geometry":{"coordinates":[[5.3662250001054055,43.302195999366795],[5.366298999820326,43.3024399987525],[5.366449000347268,43.3029419987086],[5.3665010002950435,43.30310399911427],[5.366538000104109,43.303214998908224],[5.366551999995142,43.303262999313795],[5.366999999913831,43.30463299879558],[5.367023000095969,43.30470299906893],[5.36709499981221,43.30492399939021],[5.367134000605554,43.3050439992068],[5.367608999901901,43.30649799876466],[5.367611999395538,43.30655299895446]],"type":"LineString"},"properties":{"id":"TRONROUT0000000040960944","date_debut":"2022-09-01","date_fin":"2032-08-31","vp_critair":null,"vp_horaires":"24\/7","vul_critair":null,"vul_horaires":"24\/7","pl_critair":null,"pl_horaires":"24\/7","autobus_autocars_critair":null,"autobus_autocars_horaires":"24\/7","deux_rm_critair":null,"deux_rm_horaires":"24\/7","url_arrete":"https:\/\/ampmetropole.fr\/wp-content\/uploads\/2022\/08\/ZFE-m-Marseille_arrete-22-131-CM.pdf","url_site_information":"https:\/\/ampmetropole.fr\/missions\/strategie-environnementale\/qualite-de-lair\/zone-a-faibles-emissions-mobilite-zfe-m\/","geo_point_2d":{"lon":5.366917710632143,"lat":43.30437562257595}}},{"type":"Feature","geometry":{"coordinates":[[5.365534999980186,43.29211799871713],[5.3657230004860015,43.29179699948989],[5.365811000055014,43.29160199915987],[5.365839999676022,43.29152599947765],[5.365867000367477,43.291461998677356],[5.365896000597755,43.29142099947854],[5.365916000224515,43.291394999037536],[5.365942000424204,43.29136399931237],[5.365993999752412,43.29130599930772],[5.366023999537097,43.291282999073026],[5.3660799994444135,43.29123899947481]],"type":"LineString"},"properties":{"id":"TRONROUT0000000040966018","date_debut":"2022-09-01","date_fin":"2032-08-31","vp_critair":null,"vp_horaires":"24\/7","vul_critair":null,"vul_horaires":"24\/7","pl_critair":null,"pl_horaires":"24\/7","autobus_autocars_critair":null,"autobus_autocars_horaires":"24\/7","deux_rm_critair":null,"deux_rm_horaires":"24\/7","url_arrete":"https:\/\/ampmetropole.fr\/wp-content\/uploads\/2022\/08\/ZFE-m-Marseille_arrete-22-131-CM.pdf","url_site_information":"https:\/\/ampmetropole.fr\/missions\/strategie-environnementale\/qualite-de-lair\/zone-a-faibles-emissions-mobilite-zfe-m\/","geo_point_2d":{"lon":5.3657874344164584,"lat":43.29166156894771}}},{"type":"Feature","geometry":{"coordinates":[[5.391241000067962,43.281495999266305],[5.391577999780942,43.28158199919154],[5.391942000220929,43.28166399938327],[5.392266000549285,43.28171499911379],[5.392618999877854,43.28175099946465],[5.392990999465656,43.28176799895075],[5.393323999581307,43.28175899882517],[5.393595999427405,43.28171699910662],[5.393825999731252,43.28164499915814],[5.394134000402678,43.28152899893485],[5.394408999928015,43.28140099912491]],"type":"LineString"},"properties":{"id":"TRONROUT0000000082906529","date_debut":"2022-09-01","date_fin":"2032-08-31","vp_critair":null,"vp_horaires":"24\/7","vul_critair":null,"vul_horaires":"24\/7","pl_critair":null,"pl_horaires":"24\/7","autobus_autocars_critair":null,"autobus_autocars_horaires":"24\/7","deux_rm_critair":null,"deux_rm_horaires":"24\/7","url_arrete":"https:\/\/ampmetropole.fr\/wp-content\/uploads\/2022\/08\/ZFE-m-Marseille_arrete-22-131-CM.pdf","url_site_information":"https:\/\/ampmetropole.fr\/missions\/strategie-environnementale\/qualite-de-lair\/zone-a-faibles-emissions-mobilite-zfe-m\/","geo_point_2d":{"lon":5.392839924984864,"lat":43.28165833341814}}},{"type":"Feature","geometry":{"coordinates":[[5.3890649995294835,43.28305399910801],[5.388983999776452,43.28307299920367],[5.3888180003981025,43.28311599875728],[5.388665999734681,43.283142999471096],[5.388559000518761,43.28316099907248],[5.3884520001934355,43.28317599900405],[5.388310000178607,43.283190999388985],[5.3881180001081725,43.283210998851814],[5.387981000352453,43.28321499869655],[5.38760299973421,43.2832329988577],[5.387417999982178,43.28324299945506]],"type":"LineString"},"properties":{"id":"TRONROUT0000000040969973","date_debut":"2022-09-01","date_fin":"2032-08-31","vp_critair":null,"vp_horaires":"24\/7","vul_critair":null,"vul_horaires":"24\/7","pl_critair":null,"pl_horaires":"24\/7","autobus_autocars_critair":null,"autobus_autocars_horaires":"24\/7","deux_rm_critair":null,"deux_rm_horaires":"24\/7","url_arrete":"https:\/\/ampmetropole.fr\/wp-content\/uploads\/2022\/08\/ZFE-m-Marseille_arrete-22-131-CM.pdf","url_site_information":"https:\/\/ampmetropole.fr\/missions\/strategie-environnementale\/qualite-de-lair\/zone-a-faibles-emissions-mobilite-zfe-m\/","geo_point_2d":{"lon":5.38824573520629,"lat":43.28318002442136}}},{"type":"Feature","geometry":{"coordinates":[[5.3657570004798725,43.29195199942248],[5.365753000051341,43.291961999207956],[5.365749999660037,43.29197099883937],[5.36565099959826,43.292225999420154],[5.365639000188915,43.292257999348806]],"type":"LineString"},"properties":{"id":"TRONROUT0000000040966032","date_debut":"2022-09-01","date_fin":"2032-08-31","vp_critair":null,"vp_horaires":"24\/7","vul_critair":null,"vul_horaires":"24\/7","pl_critair":null,"pl_horaires":"24\/7","autobus_autocars_critair":null,"autobus_autocars_horaires":"24\/7","deux_rm_critair":null,"deux_rm_horaires":"24\/7","url_arrete":"https:\/\/ampmetropole.fr\/wp-content\/uploads\/2022\/08\/ZFE-m-Marseille_arrete-22-131-CM.pdf","url_site_information":"https:\/\/ampmetropole.fr\/missions\/strategie-environnementale\/qualite-de-lair\/zone-a-faibles-emissions-mobilite-zfe-m\/","geo_point_2d":{"lon":5.365697981346479,"lat":43.29210498739839}}},{"type":"Feature","geometry":{"coordinates":[[5.363888000152984,43.29168199924218],[5.363831000013196,43.29152799875692],[5.363776999729146,43.29135799879659],[5.363750000039475,43.291251998612864],[5.363748999795436,43.29117899926872],[5.3637710002997085,43.291113998773106]],"type":"LineString"},"properties":{"id":"TRONROUT0000000040966047","date_debut":"2022-09-01","date_fin":"2032-08-31","vp_critair":null,"vp_horaires":"24\/7","vul_critair":null,"vul_horaires":"24\/7","pl_critair":null,"pl_horaires":"24\/7","autobus_autocars_critair":null,"autobus_autocars_horaires":"24\/7","deux_rm_critair":null,"deux_rm_horaires":"24\/7","url_arrete":"https:\/\/ampmetropole.fr\/wp-content\/uploads\/2022\/08\/ZFE-m-Marseille_arrete-22-131-CM.pdf","url_site_information":"https:\/\/ampmetropole.fr\/missions\/strategie-environnementale\/qualite-de-lair\/zone-a-faibles-emissions-mobilite-zfe-m\/","geo_point_2d":{"lon":5.3638001006212885,"lat":43.29140012700806}}},{"type":"Feature","geometry":{"coordinates":[[5.398669000378426,43.284601998980136],[5.398641999747361,43.284550999451746],[5.398626000607383,43.28450199932663],[5.398615000167031,43.28444999933139],[5.398600000508003,43.28432799931326],[5.3985839995947815,43.28420099879785],[5.398566999692237,43.28409099930952],[5.398547999970809,43.28400799922974],[5.3985259998867186,43.28391499868958],[5.398488000623305,43.283803999311665]],"type":"LineString"},"properties":{"id":"TRONROUT0000000040969680","date_debut":"2022-09-01","date_fin":"2032-08-31","vp_critair":null,"vp_horaires":"24\/7","vul_critair":null,"vul_horaires":"24\/7","pl_critair":null,"pl_horaires":"24\/7","autobus_autocars_critair":null,"autobus_autocars_horaires":"24\/7","deux_rm_critair":null,"deux_rm_horaires":"24\/7","url_arrete":"https:\/\/ampmetropole.fr\/wp-content\/uploads\/2022\/08\/ZFE-m-Marseille_arrete-22-131-CM.pdf","url_site_information":"https:\/\/ampmetropole.fr\/missions\/strategie-environnementale\/qualite-de-lair\/zone-a-faibles-emissions-mobilite-zfe-m\/","geo_point_2d":{"lon":5.398578928576153,"lat":43.28420382457333}}},{"type":"Feature","geometry":{"coordinates":[[5.377781999584847,43.3312689988108],[5.377765999783314,43.331397998751264],[5.377750000562924,43.33151099945693],[5.377738999691533,43.33161599909749]],"type":"LineString"},"properties":{"id":"TRONROUT0000000040940879","date_debut":"2022-09-01","date_fin":"2032-08-31","vp_critair":null,"vp_horaires":"24\/7","vul_critair":null,"vul_horaires":"24\/7","pl_critair":null,"pl_horaires":"24\/7","autobus_autocars_critair":null,"autobus_autocars_horaires":"24\/7","deux_rm_critair":null,"deux_rm_horaires":"24\/7","url_arrete":"https:\/\/ampmetropole.fr\/wp-content\/uploads\/2022\/08\/ZFE-m-Marseille_arrete-22-131-CM.pdf","url_site_information":"https:\/\/ampmetropole.fr\/missions\/strategie-environnementale\/qualite-de-lair\/zone-a-faibles-emissions-mobilite-zfe-m\/","geo_point_2d":{"lon":5.3777598718052975,"lat":43.331442428390694}}},{"type":"Feature","geometry":{"coordinates":[[5.363871999582352,43.292016998983186],[5.3638970000563235,43.291983999414434],[5.363921999855348,43.291930999057776],[5.363920000314497,43.29187299872897],[5.363918000484712,43.291824998806746],[5.363903999874967,43.29178199880927],[5.363892999988366,43.29175199884578],[5.363888000152984,43.29168199924218]],"type":"LineString"},"properties":{"id":"TRONROUT0000000040966045","date_debut":"2022-09-01","date_fin":"2032-08-31","vp_critair":null,"vp_horaires":"24\/7","vul_critair":null,"vul_horaires":"24\/7","pl_critair":null,"pl_horaires":"24\/7","autobus_autocars_critair":null,"autobus_autocars_horaires":"24\/7","deux_rm_critair":null,"deux_rm_horaires":"24\/7","url_arrete":"https:\/\/ampmetropole.fr\/wp-content\/uploads\/2022\/08\/ZFE-m-Marseille_arrete-22-131-CM.pdf","url_site_information":"https:\/\/ampmetropole.fr\/missions\/strategie-environnementale\/qualite-de-lair\/zone-a-faibles-emissions-mobilite-zfe-m\/","geo_point_2d":{"lon":5.363905176028487,"lat":43.29185399272925}}},{"type":"Feature","geometry":{"coordinates":[[5.365839000207354,43.2909489986166],[5.365762000033107,43.29093799935468],[5.365397999761668,43.29088799903666],[5.3652709994229575,43.290872999168236],[5.364622999618092,43.29080799893743],[5.364389999467969,43.29078499936593],[5.3642190003862105,43.29077599892983],[5.364165000615787,43.290791999113274],[5.364132000275955,43.29081099932256]],"type":"LineString"},"properties":{"id":"TRONROUT0000000040966041","date_debut":"2022-09-01","date_fin":"2032-08-31","vp_critair":null,"vp_horaires":"24\/7","vul_critair":null,"vul_horaires":"24\/7","pl_critair":null,"pl_horaires":"24\/7","autobus_autocars_critair":null,"autobus_autocars_horaires":"24\/7","deux_rm_critair":null,"deux_rm_horaires":"24\/7","url_arrete":"https:\/\/ampmetropole.fr\/wp-content\/uploads\/2022\/08\/ZFE-m-Marseille_arrete-22-131-CM.pdf","url_site_information":"https:\/\/ampmetropole.fr\/missions\/strategie-environnementale\/qualite-de-lair\/zone-a-faibles-emissions-mobilite-zfe-m\/","geo_point_2d":{"lon":5.364983212617065,"lat":43.29084892175597}}},{"type":"Feature","geometry":{"coordinates":[[5.366820999557562,43.318813998831736],[5.366595000455929,43.31875099918335],[5.366266000249551,43.31865599922314],[5.366185000221753,43.31862899865848],[5.366108000109693,43.318601998694284],[5.365951000431032,43.31854599878645],[5.365868999606667,43.318514998771064],[5.365802999450367,43.318490998723014]],"type":"LineString"},"properties":{"id":"TRONROUT0000000224433604","date_debut":"2022-09-01","date_fin":"2032-08-31","vp_critair":null,"vp_horaires":"24\/7","vul_critair":null,"vul_horaires":"24\/7","pl_critair":null,"pl_horaires":"24\/7","autobus_autocars_critair":null,"autobus_autocars_horaires":"24\/7","deux_rm_critair":null,"deux_rm_horaires":"24\/7","url_arrete":"https:\/\/ampmetropole.fr\/wp-content\/uploads\/2022\/08\/ZFE-m-Marseille_arrete-22-131-CM.pdf","url_site_information":"https:\/\/ampmetropole.fr\/missions\/strategie-environnementale\/qualite-de-lair\/zone-a-faibles-emissions-mobilite-zfe-m\/","geo_point_2d":{"lon":5.366309041218761,"lat":43.318661681298934}}},{"type":"Feature","geometry":{"coordinates":[[5.387417999982178,43.28324299945506],[5.387086000518731,43.28326099923373],[5.387001999811838,43.28326599946036],[5.386915999511076,43.283268999072135],[5.386753999428616,43.2832769992005],[5.386555999577173,43.283286999290176],[5.386493999645982,43.28328999943376],[5.386342000454183,43.28329899930596],[5.38595599968397,43.28332099882463],[5.385906000519564,43.28332399911849],[5.385848000473265,43.28333399869372],[5.385805000137297,43.28334299926263],[5.385762999812433,43.28334999871008],[5.385632000156588,43.283372999045945],[5.385575000304759,43.28338299888886],[5.385523999645486,43.28339299944671],[5.385178999942625,43.28345399900294],[5.385132000040989,43.28346199863188],[5.3848190003438035,43.283521999055075],[5.384764000254492,43.283532999187166],[5.384679000421757,43.28355099894454],[5.384503999568258,43.283590999173384],[5.384421999729195,43.283607999256965],[5.384226999957554,43.28365099895835],[5.384168000436926,43.283662998698176],[5.383779000224446,43.28374899906696],[5.38367699956131,43.2837699991876],[5.383515000107583,43.283804998755656],[5.383489000031118,43.283811998941445],[5.383419999438819,43.283826998871184],[5.38226299977644,43.28407999901943],[5.382152000559613,43.28410499932661],[5.382084000156502,43.284118998979274],[5.381933999778793,43.28415199918286],[5.381835000519821,43.284173998735106],[5.38143299988267,43.284261998747354],[5.381179000118501,43.28431699917614],[5.381060000189312,43.28434399888797],[5.3807750001010435,43.28440599922984],[5.380676000001393,43.28442799862404],[5.3806590000673875,43.2844319991324],[5.380580000133724,43.28444899946289],[5.380552999699921,43.2844529988911],[5.380387999443546,43.28448399918006],[5.380144000092269,43.28453799926474],[5.379993000384033,43.284563999028975],[5.379799999954667,43.28460299935055],[5.379606999846985,43.28464499889633],[5.379485999900889,43.2846669992977],[5.379348999982329,43.28469899950149],[5.3791800001785495,43.284740998957574],[5.378998999610266,43.28478799887721],[5.378942000405774,43.2848009992426],[5.378934000444836,43.28480299870007],[5.378846000446651,43.28482799948185],[5.378757999810649,43.28484799910495],[5.378047000045223,43.28500299871969],[5.378028000388764,43.28500699872009],[5.3779619999027135,43.28502099942799],[5.377911999943358,43.28503199938191],[5.377760000577903,43.28506499900434],[5.377612000447165,43.28509699874762],[5.377573000063989,43.28510599887786],[5.377422999722051,43.285138999032085],[5.377179999767637,43.285191999281324],[5.377130999833486,43.285202999367435],[5.377064000373795,43.28521799885687],[5.377044000292465,43.28522199909103],[5.376993999983754,43.28523299862208],[5.3769039994930194,43.28525199944961],[5.376731999473894,43.285289999482494],[5.376569999702581,43.28532999950006],[5.3762749997393104,43.28540999912881],[5.376256000372399,43.28541499866646],[5.376184999582175,43.285434999398376],[5.376043999989053,43.28547399862673],[5.375793999812746,43.28554199904183],[5.375783999595064,43.285544998903454],[5.375700000026338,43.285572998700715],[5.375579999882787,43.28561599943334],[5.375531999695215,43.285633999218774],[5.37530700011223,43.28571399884776],[5.375127000533186,43.28577799928544],[5.375037000233484,43.28581399883828],[5.374890000193387,43.28588199924936],[5.374878000319926,43.28588699949548],[5.374814999577804,43.28591599950957],[5.374747999432332,43.28595099924134],[5.374606000567447,43.28602899863518],[5.374538000416942,43.28606499937027],[5.374428999832441,43.28612299886206],[5.374410000255306,43.286132999170505],[5.374391000469055,43.2861449991988],[5.374342000336158,43.286169998734124],[5.374147999839352,43.286278999137124],[5.374035999474544,43.28634799868979],[5.373973000306605,43.286388999180794],[5.3737580004193415,43.28652499924324],[5.373637999954705,43.2866079993588],[5.373538999914899,43.286678998719715],[5.373528000373474,43.28668699891722],[5.373492000524874,43.286712999447204],[5.373445000309262,43.28674799913153],[5.373184999633936,43.286936998950225],[5.373069000061096,43.28701999875129],[5.373010000076736,43.28706199890007],[5.373006000238495,43.28706499902129],[5.3727619996648555,43.28724899902138],[5.372515999829241,43.287433999020024]],"type":"LineString"},"properties":{"id":"TRONROUT0000000040970392","date_debut":"2022-09-01","date_fin":"2032-08-31","vp_critair":null,"vp_horaires":"24\/7","vul_critair":null,"vul_horaires":"24\/7","pl_critair":null,"pl_horaires":"24\/7","autobus_autocars_critair":null,"autobus_autocars_horaires":"24\/7","deux_rm_critair":null,"deux_rm_horaires":"24\/7","url_arrete":"https:\/\/ampmetropole.fr\/wp-content\/uploads\/2022\/08\/ZFE-m-Marseille_arrete-22-131-CM.pdf","url_site_information":"https:\/\/ampmetropole.fr\/missions\/strategie-environnementale\/qualite-de-lair\/zone-a-faibles-emissions-mobilite-zfe-m\/","geo_point_2d":{"lon":5.379765287477861,"lat":43.28476998903145}}},{"type":"Feature","geometry":{"coordinates":[[5.37860700013931,43.319429999159055],[5.37846500043893,43.31956899885586],[5.378377000004902,43.319687998925026],[5.378249999791657,43.31994999916279],[5.378189999414095,43.320117998624504],[5.378118000040039,43.32040399939287]],"type":"LineString"},"properties":{"id":"TRONROUT0000000040946185","date_debut":"2022-09-01","date_fin":"2032-08-31","vp_critair":null,"vp_horaires":"24\/7","vul_critair":null,"vul_horaires":"24\/7","pl_critair":null,"pl_horaires":"24\/7","autobus_autocars_critair":null,"autobus_autocars_horaires":"24\/7","deux_rm_critair":null,"deux_rm_horaires":"24\/7","url_arrete":"https:\/\/ampmetropole.fr\/wp-content\/uploads\/2022\/08\/ZFE-m-Marseille_arrete-22-131-CM.pdf","url_site_information":"https:\/\/ampmetropole.fr\/missions\/strategie-environnementale\/qualite-de-lair\/zone-a-faibles-emissions-mobilite-zfe-m\/","geo_point_2d":{"lon":5.378310262644216,"lat":43.31988832040682}}},{"type":"Feature","geometry":{"coordinates":[[5.379137999534646,43.318903999320604],[5.379104000012582,43.3189549992253],[5.379024999751093,43.31904899899456],[5.37889400019006,43.319182998965246],[5.37861700006135,43.319420998869795],[5.37860700013931,43.319429999159055]],"type":"LineString"},"properties":{"id":"TRONROUT0000000040946170","date_debut":"2022-09-01","date_fin":"2032-08-31","vp_critair":null,"vp_horaires":"24\/7","vul_critair":null,"vul_horaires":"24\/7","pl_critair":null,"pl_horaires":"24\/7","autobus_autocars_critair":null,"autobus_autocars_horaires":"24\/7","deux_rm_critair":null,"deux_rm_horaires":"24\/7","url_arrete":"https:\/\/ampmetropole.fr\/wp-content\/uploads\/2022\/08\/ZFE-m-Marseille_arrete-22-131-CM.pdf","url_site_information":"https:\/\/ampmetropole.fr\/missions\/strategie-environnementale\/qualite-de-lair\/zone-a-faibles-emissions-mobilite-zfe-m\/","geo_point_2d":{"lon":5.378884333750696,"lat":43.31917820445882}}},{"type":"Feature","geometry":{"coordinates":[[5.377666999521438,43.31866499929924],[5.377691000324942,43.31857199868242],[5.377739999671431,43.31847899906626],[5.377813000127717,43.31840499947846],[5.37790900040547,43.31834299929067],[5.378025000605304,43.31830399926759],[5.378154000202366,43.31828899932303],[5.3782809999713,43.318289999087725],[5.378400999985861,43.31830599888144],[5.378503999472231,43.31834199948142],[5.378591999795478,43.31838899933373],[5.378666000103099,43.31844399933546],[5.378713999480151,43.31851499895348],[5.37874899959022,43.31859799880923],[5.378760000109737,43.31868399897845],[5.378746000145653,43.31876699877138],[5.378704000274911,43.31886499912276],[5.378662000415014,43.318927998939124],[5.378593999647021,43.31901199870478],[5.37847800030268,43.319120999465845],[5.378166999725557,43.319399999021215]],"type":"LineString"},"properties":{"id":"TRONROUT0000000040946172","date_debut":"2022-09-01","date_fin":"2032-08-31","vp_critair":null,"vp_horaires":"24\/7","vul_critair":null,"vul_horaires":"24\/7","pl_critair":null,"pl_horaires":"24\/7","autobus_autocars_critair":null,"autobus_autocars_horaires":"24\/7","deux_rm_critair":null,"deux_rm_horaires":"24\/7","url_arrete":"https:\/\/ampmetropole.fr\/wp-content\/uploads\/2022\/08\/ZFE-m-Marseille_arrete-22-131-CM.pdf","url_site_information":"https:\/\/ampmetropole.fr\/missions\/strategie-environnementale\/qualite-de-lair\/zone-a-faibles-emissions-mobilite-zfe-m\/","geo_point_2d":{"lon":5.3783324432243305,"lat":43.31866882305978}}},{"type":"Feature","geometry":{"coordinates":[[5.357995000532544,43.32764099942593],[5.357756000349605,43.32784299941924],[5.357631000082631,43.327943998990904]],"type":"LineString"},"properties":{"id":"TRONROUT0000000040941226","date_debut":"2022-09-01","date_fin":"2032-08-31","vp_critair":null,"vp_horaires":"24\/7","vul_critair":null,"vul_horaires":"24\/7","pl_critair":null,"pl_horaires":"24\/7","autobus_autocars_critair":null,"autobus_autocars_horaires":"24\/7","deux_rm_critair":null,"deux_rm_horaires":"24\/7","url_arrete":"https:\/\/ampmetropole.fr\/wp-content\/uploads\/2022\/08\/ZFE-m-Marseille_arrete-22-131-CM.pdf","url_site_information":"https:\/\/ampmetropole.fr\/missions\/strategie-environnementale\/qualite-de-lair\/zone-a-faibles-emissions-mobilite-zfe-m\/","geo_point_2d":{"lon":5.357813747588489,"lat":43.32779340344551}}},{"type":"Feature","geometry":{"coordinates":[[5.361573000432452,43.32518499874882],[5.361389000524092,43.32534799899201],[5.361225000168884,43.32548699873736],[5.361059999747979,43.325618999275775],[5.360894000118785,43.3257469993376],[5.360729999792799,43.3258679994957],[5.360575999938382,43.32597499868502],[5.360411000323797,43.326088999373646],[5.3603039994973605,43.32615899881699],[5.360254000145399,43.32619199925466],[5.360097000536543,43.32628999946647],[5.36003500056275,43.326329999035664],[5.359934999841484,43.326390999353436],[5.359733000282485,43.326506999002916],[5.359587000283244,43.32659099941663],[5.359429000510469,43.32667699934628],[5.359368000117491,43.32670999911908],[5.359234999872998,43.326783999138144],[5.359222000530127,43.32678999948132],[5.359195999837872,43.32680399907665],[5.359185999814554,43.32680999877403],[5.359096000589085,43.326857999376365],[5.3590639994187335,43.32687499901136],[5.359003000123312,43.326908999335195],[5.358969000329088,43.32692999888533],[5.358941000202045,43.326944998723974],[5.358938000128151,43.326946999144525],[5.358934000238788,43.32694899887722],[5.358913000589328,43.32696199921406],[5.358861000400601,43.32699099900576],[5.35885100059166,43.32699799945186],[5.358839000197696,43.32700599932557],[5.35882199938006,43.32701799892335],[5.35880399951907,43.32702799894251],[5.35879299963617,43.32703399881481],[5.358787999955779,43.32703599875235],[5.358779999690241,43.327042998772],[5.3587750000087135,43.32704499870898],[5.358715999439108,43.32707699869601],[5.358698999601198,43.327087999267675],[5.3586949999360245,43.32709099887148],[5.35867000051326,43.327106998766276],[5.3586370000691605,43.32713199935062],[5.358631000084953,43.327136999156],[5.358592999631302,43.327162998878734],[5.358328000455316,43.32736599924728],[5.358053999503353,43.3275929990116],[5.357995000532544,43.32764099942593]],"type":"LineString"},"properties":{"id":"TRONROUT0000000040941167","date_debut":"2022-09-01","date_fin":"2032-08-31","vp_critair":null,"vp_horaires":"24\/7","vul_critair":null,"vul_horaires":"24\/7","pl_critair":null,"pl_horaires":"24\/7","autobus_autocars_critair":null,"autobus_autocars_horaires":"24\/7","deux_rm_critair":null,"deux_rm_horaires":"24\/7","url_arrete":"https:\/\/ampmetropole.fr\/wp-content\/uploads\/2022\/08\/ZFE-m-Marseille_arrete-22-131-CM.pdf","url_site_information":"https:\/\/ampmetropole.fr\/missions\/strategie-environnementale\/qualite-de-lair\/zone-a-faibles-emissions-mobilite-zfe-m\/","geo_point_2d":{"lon":5.3597982054597395,"lat":43.3264338980464}}},{"type":"Feature","geometry":{"coordinates":[[5.368644000153982,43.31103799925659],[5.368647999570839,43.31114099879971],[5.36865100029944,43.31123999912802]],"type":"LineString"},"properties":{"id":"TRONROUT0000000040950444","date_debut":"2022-09-01","date_fin":"2032-08-31","vp_critair":null,"vp_horaires":"24\/7","vul_critair":null,"vul_horaires":"24\/7","pl_critair":null,"pl_horaires":"24\/7","autobus_autocars_critair":null,"autobus_autocars_horaires":"24\/7","deux_rm_critair":null,"deux_rm_horaires":"24\/7","url_arrete":"https:\/\/ampmetropole.fr\/wp-content\/uploads\/2022\/08\/ZFE-m-Marseille_arrete-22-131-CM.pdf","url_site_information":"https:\/\/ampmetropole.fr\/missions\/strategie-environnementale\/qualite-de-lair\/zone-a-faibles-emissions-mobilite-zfe-m\/","geo_point_2d":{"lon":5.368647714994085,"lat":43.31113899176796}}},{"type":"Feature","geometry":{"coordinates":[[5.363550000131008,43.29727999886458],[5.363626000551491,43.29741699925592],[5.363687999701899,43.29750799889471],[5.363787999397452,43.29762999924811],[5.363856000001516,43.29771099940771],[5.363984000111734,43.297843999472526],[5.364116000488787,43.29796999925376]],"type":"LineString"},"properties":{"id":"TRONROUT0000000040960942","date_debut":"2022-09-01","date_fin":"2032-08-31","vp_critair":null,"vp_horaires":"24\/7","vul_critair":null,"vul_horaires":"24\/7","pl_critair":null,"pl_horaires":"24\/7","autobus_autocars_critair":null,"autobus_autocars_horaires":"24\/7","deux_rm_critair":null,"deux_rm_horaires":"24\/7","url_arrete":"https:\/\/ampmetropole.fr\/wp-content\/uploads\/2022\/08\/ZFE-m-Marseille_arrete-22-131-CM.pdf","url_site_information":"https:\/\/ampmetropole.fr\/missions\/strategie-environnementale\/qualite-de-lair\/zone-a-faibles-emissions-mobilite-zfe-m\/","geo_point_2d":{"lon":5.363812657019052,"lat":43.29764101950564}}},{"type":"Feature","geometry":{"coordinates":[[5.366093999549073,43.291315998962254],[5.366073000502219,43.29132799897724],[5.3660309997345115,43.291380999499346],[5.365986999413557,43.29144099870755],[5.365947000217899,43.29151299861939],[5.3659350003661,43.291532999355915],[5.36589999999648,43.29159999940454],[5.365869000308998,43.29166799901403],[5.365832000082092,43.2917479987141],[5.365800999903216,43.29182499886349],[5.365767999794877,43.291907998753885],[5.3657570004798725,43.29195199942248]],"type":"LineString"},"properties":{"id":"TRONROUT0000000040966019","date_debut":"2022-09-01","date_fin":"2032-08-31","vp_critair":null,"vp_horaires":"24\/7","vul_critair":null,"vul_horaires":"24\/7","pl_critair":null,"pl_horaires":"24\/7","autobus_autocars_critair":null,"autobus_autocars_horaires":"24\/7","deux_rm_critair":null,"deux_rm_horaires":"24\/7","url_arrete":"https:\/\/ampmetropole.fr\/wp-content\/uploads\/2022\/08\/ZFE-m-Marseille_arrete-22-131-CM.pdf","url_site_information":"https:\/\/ampmetropole.fr\/missions\/strategie-environnementale\/qualite-de-lair\/zone-a-faibles-emissions-mobilite-zfe-m\/","geo_point_2d":{"lon":5.3659022246138255,"lat":43.291619866504554}}},{"type":"Feature","geometry":{"coordinates":[[5.401678000315249,43.28352099906006],[5.401815000406122,43.28354899920941],[5.402026999995744,43.28359699873047],[5.402182999896397,43.28363499950955],[5.402327000446495,43.28367199879679],[5.402538999529532,43.283720999017156],[5.4027590001942425,43.2837749993338],[5.402972000590909,43.283856999118036]],"type":"LineString"},"properties":{"id":"TRONROUT0000000040969669","date_debut":"2022-09-01","date_fin":"2032-08-31","vp_critair":null,"vp_horaires":"24\/7","vul_critair":null,"vul_horaires":"24\/7","pl_critair":null,"pl_horaires":"24\/7","autobus_autocars_critair":null,"autobus_autocars_horaires":"24\/7","deux_rm_critair":null,"deux_rm_horaires":"24\/7","url_arrete":"https:\/\/ampmetropole.fr\/wp-content\/uploads\/2022\/08\/ZFE-m-Marseille_arrete-22-131-CM.pdf","url_site_information":"https:\/\/ampmetropole.fr\/missions\/strategie-environnementale\/qualite-de-lair\/zone-a-faibles-emissions-mobilite-zfe-m\/","geo_point_2d":{"lon":5.402329346789358,"lat":43.28367423657695}}},{"type":"Feature","geometry":{"coordinates":[[5.378255999998338,43.3230679991194],[5.37830499964296,43.323341998917606],[5.378357000139325,43.323661998784935],[5.378398000025414,43.323903999075114],[5.3784149998397455,43.324021999157665],[5.378447999534603,43.32424899893439],[5.378497999997742,43.324627998736496],[5.378515999595005,43.324882998827206],[5.378524000071863,43.3251059992162],[5.378512999673092,43.32544299932844],[5.378506000199601,43.325532998621604],[5.378479000109438,43.325799999279425]],"type":"LineString"},"properties":{"id":"TRONROUT0000000040946197","date_debut":"2022-09-01","date_fin":"2032-08-31","vp_critair":null,"vp_horaires":"24\/7","vul_critair":null,"vul_horaires":"24\/7","pl_critair":null,"pl_horaires":"24\/7","autobus_autocars_critair":null,"autobus_autocars_horaires":"24\/7","deux_rm_critair":null,"deux_rm_horaires":"24\/7","url_arrete":"https:\/\/ampmetropole.fr\/wp-content\/uploads\/2022\/08\/ZFE-m-Marseille_arrete-22-131-CM.pdf","url_site_information":"https:\/\/ampmetropole.fr\/missions\/strategie-environnementale\/qualite-de-lair\/zone-a-faibles-emissions-mobilite-zfe-m\/","geo_point_2d":{"lon":5.37843760577426,"lat":43.32443023280337}}},{"type":"Feature","geometry":{"coordinates":[[5.394209000134554,43.282426999243725],[5.394443000599248,43.282457998846844]],"type":"LineString"},"properties":{"id":"TRONROUT0000000040969877","date_debut":"2022-09-01","date_fin":"2032-08-31","vp_critair":null,"vp_horaires":"24\/7","vul_critair":null,"vul_horaires":"24\/7","pl_critair":null,"pl_horaires":"24\/7","autobus_autocars_critair":null,"autobus_autocars_horaires":"24\/7","deux_rm_critair":null,"deux_rm_horaires":"24\/7","url_arrete":"https:\/\/ampmetropole.fr\/wp-content\/uploads\/2022\/08\/ZFE-m-Marseille_arrete-22-131-CM.pdf","url_site_information":"https:\/\/ampmetropole.fr\/missions\/strategie-environnementale\/qualite-de-lair\/zone-a-faibles-emissions-mobilite-zfe-m\/","geo_point_2d":{"lon":5.394326000366901,"lat":43.28244249904529}}},{"type":"Feature","geometry":{"coordinates":[[5.368436000573793,43.310201999281475],[5.3684800005160405,43.31035199938338],[5.368489999874989,43.310385999268576],[5.368544999893077,43.310577998843776],[5.368592999719574,43.31073399877028],[5.368620000278661,43.310851999136105],[5.3686340000647,43.31094699922529],[5.368644000153982,43.31103799925659]],"type":"LineString"},"properties":{"id":"TRONROUT0000000040950389","date_debut":"2022-09-01","date_fin":"2032-08-31","vp_critair":null,"vp_horaires":"24\/7","vul_critair":null,"vul_horaires":"24\/7","pl_critair":null,"pl_horaires":"24\/7","autobus_autocars_critair":null,"autobus_autocars_horaires":"24\/7","deux_rm_critair":null,"deux_rm_horaires":"24\/7","url_arrete":"https:\/\/ampmetropole.fr\/wp-content\/uploads\/2022\/08\/ZFE-m-Marseille_arrete-22-131-CM.pdf","url_site_information":"https:\/\/ampmetropole.fr\/missions\/strategie-environnementale\/qualite-de-lair\/zone-a-faibles-emissions-mobilite-zfe-m\/","geo_point_2d":{"lon":5.368552671396111,"lat":43.310617315845114}}},{"type":"Feature","geometry":{"coordinates":[[5.378460000415022,43.325949998663575],[5.378164000474508,43.328275998858366],[5.377892000089028,43.33041899914108]],"type":"LineString"},"properties":{"id":"TRONROUT0000000040940922","date_debut":"2022-09-01","date_fin":"2032-08-31","vp_critair":null,"vp_horaires":"24\/7","vul_critair":null,"vul_horaires":"24\/7","pl_critair":null,"pl_horaires":"24\/7","autobus_autocars_critair":null,"autobus_autocars_horaires":"24\/7","deux_rm_critair":null,"deux_rm_horaires":"24\/7","url_arrete":"https:\/\/ampmetropole.fr\/wp-content\/uploads\/2022\/08\/ZFE-m-Marseille_arrete-22-131-CM.pdf","url_site_information":"https:\/\/ampmetropole.fr\/missions\/strategie-environnementale\/qualite-de-lair\/zone-a-faibles-emissions-mobilite-zfe-m\/","geo_point_2d":{"lon":5.378175818030269,"lat":43.328184475743576}}},{"type":"Feature","geometry":{"coordinates":[[5.378310000450308,43.32582599867893],[5.378344000212896,43.32552199933062],[5.378361000136806,43.325098999041444],[5.378351000292494,43.32489399926933],[5.378350999933749,43.32488499935989],[5.378285000187686,43.32424299948058],[5.378259000199092,43.32402799918514]],"type":"LineString"},"properties":{"id":"TRONROUT0000000040946005","date_debut":"2022-09-01","date_fin":"2032-08-31","vp_critair":null,"vp_horaires":"24\/7","vul_critair":null,"vul_horaires":"24\/7","pl_critair":null,"pl_horaires":"24\/7","autobus_autocars_critair":null,"autobus_autocars_horaires":"24\/7","deux_rm_critair":null,"deux_rm_horaires":"24\/7","url_arrete":"https:\/\/ampmetropole.fr\/wp-content\/uploads\/2022\/08\/ZFE-m-Marseille_arrete-22-131-CM.pdf","url_site_information":"https:\/\/ampmetropole.fr\/missions\/strategie-environnementale\/qualite-de-lair\/zone-a-faibles-emissions-mobilite-zfe-m\/","geo_point_2d":{"lon":5.378326581239856,"lat":43.324926498062574}}},{"type":"Feature","geometry":{"coordinates":[[5.395983999970604,43.28264399903266],[5.396255999754226,43.282668998893726]],"type":"LineString"},"properties":{"id":"TRONROUT0000000350244283","date_debut":"2022-09-01","date_fin":"2032-08-31","vp_critair":null,"vp_horaires":"24\/7","vul_critair":null,"vul_horaires":"24\/7","pl_critair":null,"pl_horaires":"24\/7","autobus_autocars_critair":null,"autobus_autocars_horaires":"24\/7","deux_rm_critair":null,"deux_rm_horaires":"24\/7","url_arrete":"https:\/\/ampmetropole.fr\/wp-content\/uploads\/2022\/08\/ZFE-m-Marseille_arrete-22-131-CM.pdf","url_site_information":"https:\/\/ampmetropole.fr\/missions\/strategie-environnementale\/qualite-de-lair\/zone-a-faibles-emissions-mobilite-zfe-m\/","geo_point_2d":{"lon":5.396119999862416,"lat":43.28265649896319}}},{"type":"Feature","geometry":{"coordinates":[[5.394443000599248,43.282457998846844],[5.394489000605677,43.282463999186156],[5.3945249995779765,43.28246899898937],[5.39462099993065,43.28248299884759],[5.394675000473641,43.28248999895452],[5.394687999487307,43.28249199947496],[5.394711000381828,43.282495999440066],[5.394955000010301,43.282534999340584],[5.3951449994804985,43.28256299938356],[5.395335999559135,43.282586999055596],[5.395505999840727,43.28260199900967],[5.395723000213263,43.28262099911454],[5.395983999970604,43.28264399903266]],"type":"LineString"},"properties":{"id":"TRONROUT0000000356883128","date_debut":"2022-09-01","date_fin":"2032-08-31","vp_critair":null,"vp_horaires":"24\/7","vul_critair":null,"vul_horaires":"24\/7","pl_critair":null,"pl_horaires":"24\/7","autobus_autocars_critair":null,"autobus_autocars_horaires":"24\/7","deux_rm_critair":null,"deux_rm_horaires":"24\/7","url_arrete":"https:\/\/ampmetropole.fr\/wp-content\/uploads\/2022\/08\/ZFE-m-Marseille_arrete-22-131-CM.pdf","url_site_information":"https:\/\/ampmetropole.fr\/missions\/strategie-environnementale\/qualite-de-lair\/zone-a-faibles-emissions-mobilite-zfe-m\/","geo_point_2d":{"lon":5.395212176066075,"lat":43.282562118058806}}},{"type":"Feature","geometry":{"coordinates":[[5.377738999691533,43.33161599909749],[5.377551000464397,43.33309899904571],[5.37733700037796,43.334764998652616],[5.377323999600962,43.334854998976],[5.377301999832088,43.335040999252044],[5.377248000613695,43.33544799922436]],"type":"LineString"},"properties":{"id":"TRONROUT0000000040936490","date_debut":"2022-09-01","date_fin":"2032-08-31","vp_critair":null,"vp_horaires":"24\/7","vul_critair":null,"vul_horaires":"24\/7","pl_critair":null,"pl_horaires":"24\/7","autobus_autocars_critair":null,"autobus_autocars_horaires":"24\/7","deux_rm_critair":null,"deux_rm_horaires":"24\/7","url_arrete":"https:\/\/ampmetropole.fr\/wp-content\/uploads\/2022\/08\/ZFE-m-Marseille_arrete-22-131-CM.pdf","url_site_information":"https:\/\/ampmetropole.fr\/missions\/strategie-environnementale\/qualite-de-lair\/zone-a-faibles-emissions-mobilite-zfe-m\/","geo_point_2d":{"lon":5.377494791818308,"lat":43.333532173315554}}},{"type":"Feature","geometry":{"coordinates":[[5.378479000109438,43.325799999279425],[5.3784739996455,43.32583699906476],[5.378460000415022,43.325949998663575]],"type":"LineString"},"properties":{"id":"TRONROUT0000000040940882","date_debut":"2022-09-01","date_fin":"2032-08-31","vp_critair":null,"vp_horaires":"24\/7","vul_critair":null,"vul_horaires":"24\/7","pl_critair":null,"pl_horaires":"24\/7","autobus_autocars_critair":null,"autobus_autocars_horaires":"24\/7","deux_rm_critair":null,"deux_rm_horaires":"24\/7","url_arrete":"https:\/\/ampmetropole.fr\/wp-content\/uploads\/2022\/08\/ZFE-m-Marseille_arrete-22-131-CM.pdf","url_site_information":"https:\/\/ampmetropole.fr\/missions\/strategie-environnementale\/qualite-de-lair\/zone-a-faibles-emissions-mobilite-zfe-m\/","geo_point_2d":{"lon":5.378469345854967,"lat":43.325874978973616}}},{"type":"Feature","geometry":{"coordinates":[[5.367611999395538,43.30655299895446],[5.367701999965995,43.30698499937057],[5.367722999458756,43.30716199930438],[5.367732999855714,43.30739299935392],[5.367814000128239,43.30773699947746],[5.368277000095342,43.30943699898099],[5.368343000364688,43.30973899935741],[5.368436000573793,43.310201999281475]],"type":"LineString"},"properties":{"id":"TRONROUT0000000224433495","date_debut":"2022-09-01","date_fin":"2032-08-31","vp_critair":null,"vp_horaires":"24\/7","vul_critair":null,"vul_horaires":"24\/7","pl_critair":null,"pl_horaires":"24\/7","autobus_autocars_critair":null,"autobus_autocars_horaires":"24\/7","deux_rm_critair":null,"deux_rm_horaires":"24\/7","url_arrete":"https:\/\/ampmetropole.fr\/wp-content\/uploads\/2022\/08\/ZFE-m-Marseille_arrete-22-131-CM.pdf","url_site_information":"https:\/\/ampmetropole.fr\/missions\/strategie-environnementale\/qualite-de-lair\/zone-a-faibles-emissions-mobilite-zfe-m\/","geo_point_2d":{"lon":5.368003842126982,"lat":43.30838067797016}}},{"type":"Feature","geometry":{"coordinates":[[5.372515999829241,43.287433999020024],[5.372498999906536,43.28744599889911],[5.372288999404284,43.28760499909079],[5.372075000079707,43.287763999353615],[5.371965000327697,43.287848999159195],[5.371862000305099,43.287928998904334],[5.371777000141735,43.28799599948085],[5.371693999775804,43.288058998957034],[5.371681000446201,43.28806999923652],[5.371596000127372,43.28813499905271],[5.371539999945033,43.288178998866734],[5.3715080004606675,43.28820399926792],[5.371353000556451,43.28832099877702],[5.371251000303014,43.28839799891186],[5.371234999751774,43.288408999298184],[5.371151000318982,43.28847199867574],[5.370953000345048,43.28861999903814],[5.370861000209652,43.28868899919751],[5.37073700045751,43.28878199869022],[5.370689000302663,43.288816999297374]],"type":"LineString"},"properties":{"id":"TRONROUT0000000040970447","date_debut":"2022-09-01","date_fin":"2032-08-31","vp_critair":null,"vp_horaires":"24\/7","vul_critair":null,"vul_horaires":"24\/7","pl_critair":null,"pl_horaires":"24\/7","autobus_autocars_critair":null,"autobus_autocars_horaires":"24\/7","deux_rm_critair":null,"deux_rm_horaires":"24\/7","url_arrete":"https:\/\/ampmetropole.fr\/wp-content\/uploads\/2022\/08\/ZFE-m-Marseille_arrete-22-131-CM.pdf","url_site_information":"https:\/\/ampmetropole.fr\/missions\/strategie-environnementale\/qualite-de-lair\/zone-a-faibles-emissions-mobilite-zfe-m\/","geo_point_2d":{"lon":5.37160344949341,"lat":43.28812674648348}}},{"type":"Feature","geometry":{"coordinates":[[5.377726000211323,43.33040299886823],[5.377754999531424,43.33016799884642],[5.37799099992864,43.328260999115045],[5.37828900010473,43.32597899940688]],"type":"LineString"},"properties":{"id":"TRONROUT0000000040940923","date_debut":"2022-09-01","date_fin":"2032-08-31","vp_critair":null,"vp_horaires":"24\/7","vul_critair":null,"vul_horaires":"24\/7","pl_critair":null,"pl_horaires":"24\/7","autobus_autocars_critair":null,"autobus_autocars_horaires":"24\/7","deux_rm_critair":null,"deux_rm_horaires":"24\/7","url_arrete":"https:\/\/ampmetropole.fr\/wp-content\/uploads\/2022\/08\/ZFE-m-Marseille_arrete-22-131-CM.pdf","url_site_information":"https:\/\/ampmetropole.fr\/missions\/strategie-environnementale\/qualite-de-lair\/zone-a-faibles-emissions-mobilite-zfe-m\/","geo_point_2d":{"lon":5.3780037469755655,"lat":43.328190521985974}}},{"type":"Feature","geometry":{"coordinates":[[5.3660799994444135,43.29123899947481],[5.366120999867414,43.29121599864365],[5.3661480005332765,43.29120199888465],[5.366219999844729,43.29116599876119],[5.366231999553656,43.291158998879574],[5.366347999696521,43.29110499887768],[5.366484000137323,43.29105399863089],[5.3665149997007715,43.29104299898412],[5.366638000542936,43.29100399895178],[5.366673999555665,43.29099299866496],[5.366743000075567,43.29097099890635],[5.366844000166551,43.29094699869893]],"type":"LineString"},"properties":{"id":"TRONROUT0000000086037262","date_debut":"2022-09-01","date_fin":"2032-08-31","vp_critair":null,"vp_horaires":"24\/7","vul_critair":null,"vul_horaires":"24\/7","pl_critair":null,"pl_horaires":"24\/7","autobus_autocars_critair":null,"autobus_autocars_horaires":"24\/7","deux_rm_critair":null,"deux_rm_horaires":"24\/7","url_arrete":"https:\/\/ampmetropole.fr\/wp-content\/uploads\/2022\/08\/ZFE-m-Marseille_arrete-22-131-CM.pdf","url_site_information":"https:\/\/ampmetropole.fr\/missions\/strategie-environnementale\/qualite-de-lair\/zone-a-faibles-emissions-mobilite-zfe-m\/","geo_point_2d":{"lon":5.366455025327454,"lat":43.29107500778529}}},{"type":"Feature","geometry":{"coordinates":[[5.363856000324138,43.29094399935],[5.363830000231524,43.29099999861768],[5.36380000021224,43.29104999892351],[5.3637710002997085,43.291113998773106]],"type":"LineString"},"properties":{"id":"TRONROUT0000000040966048","date_debut":"2022-09-01","date_fin":"2032-08-31","vp_critair":null,"vp_horaires":"24\/7","vul_critair":null,"vul_horaires":"24\/7","pl_critair":null,"pl_horaires":"24\/7","autobus_autocars_critair":null,"autobus_autocars_horaires":"24\/7","deux_rm_critair":null,"deux_rm_horaires":"24\/7","url_arrete":"https:\/\/ampmetropole.fr\/wp-content\/uploads\/2022\/08\/ZFE-m-Marseille_arrete-22-131-CM.pdf","url_site_information":"https:\/\/ampmetropole.fr\/missions\/strategie-environnementale\/qualite-de-lair\/zone-a-faibles-emissions-mobilite-zfe-m\/","geo_point_2d":{"lon":5.363813192530896,"lat":43.291028849160845}}},{"type":"Feature","geometry":{"coordinates":[[5.378259000199092,43.32402799918514],[5.3781899994240385,43.32392699891138],[5.3780950001278205,43.32348499872558],[5.378007999916118,43.323084998956034]],"type":"LineString"},"properties":{"id":"TRONROUT0000000040946006","date_debut":"2022-09-01","date_fin":"2032-08-31","vp_critair":null,"vp_horaires":"24\/7","vul_critair":null,"vul_horaires":"24\/7","pl_critair":null,"pl_horaires":"24\/7","autobus_autocars_critair":null,"autobus_autocars_horaires":"24\/7","deux_rm_critair":null,"deux_rm_horaires":"24\/7","url_arrete":"https:\/\/ampmetropole.fr\/wp-content\/uploads\/2022\/08\/ZFE-m-Marseille_arrete-22-131-CM.pdf","url_site_information":"https:\/\/ampmetropole.fr\/missions\/strategie-environnementale\/qualite-de-lair\/zone-a-faibles-emissions-mobilite-zfe-m\/","geo_point_2d":{"lon":5.378114829904731,"lat":43.323564575725214}}},{"type":"Feature","geometry":{"coordinates":[[5.389096999812512,43.283020998960794],[5.3892330003665325,43.28298099863416],[5.389299000582371,43.282967998922395],[5.389774000349712,43.2829199988938],[5.390069000229194,43.28290099941229],[5.390299000080325,43.28288699916007],[5.390598999761601,43.28286799921343],[5.391171000161633,43.28283199879108],[5.3921900000439145,43.28275499868034]],"type":"LineString"},"properties":{"id":"TRONROUT0000000040969971","date_debut":"2022-09-01","date_fin":"2032-08-31","vp_critair":null,"vp_horaires":"24\/7","vul_critair":null,"vul_horaires":"24\/7","pl_critair":null,"pl_horaires":"24\/7","autobus_autocars_critair":null,"autobus_autocars_horaires":"24\/7","deux_rm_critair":null,"deux_rm_horaires":"24\/7","url_arrete":"https:\/\/ampmetropole.fr\/wp-content\/uploads\/2022\/08\/ZFE-m-Marseille_arrete-22-131-CM.pdf","url_site_information":"https:\/\/ampmetropole.fr\/missions\/strategie-environnementale\/qualite-de-lair\/zone-a-faibles-emissions-mobilite-zfe-m\/","geo_point_2d":{"lon":5.39064015083299,"lat":43.28286711868422}}},{"type":"Feature","geometry":{"coordinates":[[5.375254000082795,43.321054998716406],[5.375202000051876,43.3210409987994],[5.374755999536835,43.32092299942516],[5.374608999518909,43.32088499877553],[5.374578999773918,43.32087699888003],[5.374359999873243,43.32081899930078],[5.373761000530475,43.32066199880953],[5.37331899993606,43.32054399945128]],"type":"LineString"},"properties":{"id":"TRONROUT0000000040946138","date_debut":"2022-09-01","date_fin":"2032-08-31","vp_critair":null,"vp_horaires":"24\/7","vul_critair":null,"vul_horaires":"24\/7","pl_critair":null,"pl_horaires":"24\/7","autobus_autocars_critair":null,"autobus_autocars_horaires":"24\/7","deux_rm_critair":null,"deux_rm_horaires":"24\/7","url_arrete":"https:\/\/ampmetropole.fr\/wp-content\/uploads\/2022\/08\/ZFE-m-Marseille_arrete-22-131-CM.pdf","url_site_information":"https:\/\/ampmetropole.fr\/missions\/strategie-environnementale\/qualite-de-lair\/zone-a-faibles-emissions-mobilite-zfe-m\/","geo_point_2d":{"lon":5.37428642971236,"lat":43.32079976527165}}},{"type":"Feature","geometry":{"coordinates":[[5.377918999974527,43.321064999146884],[5.377923999653791,43.32096099896581],[5.377915999838641,43.320799998615975],[5.377862999988996,43.32047399950754],[5.377855000084721,43.32042299940723]],"type":"LineString"},"properties":{"id":"TRONROUT0000000040946173","date_debut":"2022-09-01","date_fin":"2032-08-31","vp_critair":null,"vp_horaires":"24\/7","vul_critair":null,"vul_horaires":"24\/7","pl_critair":null,"pl_horaires":"24\/7","autobus_autocars_critair":null,"autobus_autocars_horaires":"24\/7","deux_rm_critair":null,"deux_rm_horaires":"24\/7","url_arrete":"https:\/\/ampmetropole.fr\/wp-content\/uploads\/2022\/08\/ZFE-m-Marseille_arrete-22-131-CM.pdf","url_site_information":"https:\/\/ampmetropole.fr\/missions\/strategie-environnementale\/qualite-de-lair\/zone-a-faibles-emissions-mobilite-zfe-m\/","geo_point_2d":{"lon":5.3778998114617345,"lat":43.32074309875442}}},{"type":"Feature","geometry":{"coordinates":[[5.368163000471143,43.31267799860502],[5.368146000478825,43.312715999169136],[5.368045999418643,43.31293299876892],[5.368021999943338,43.31298299907938],[5.367913999887223,43.31320799912588],[5.367809999719244,43.31342399897205],[5.367770000625941,43.31349799935413],[5.367706000181764,43.313615998949096],[5.367682000563241,43.31366099891027],[5.3676079994814065,43.3137979991744],[5.367460999845614,43.31407899926417],[5.367443999890397,43.31410699915534],[5.367188999858126,43.31447699881833],[5.367083999499199,43.31458799941246],[5.366948000397614,43.31471399910671],[5.366774999571722,43.314850999192444],[5.366686000544989,43.31490999918352],[5.3666230003290405,43.314952998880656],[5.3666040001088255,43.31496699913164],[5.366422999505251,43.31508699943603],[5.366158999467025,43.31524699866441],[5.365972000140069,43.315361998703054],[5.365870000086142,43.315427999097764],[5.365743999484599,43.31550999887533],[5.365556000580634,43.31564299897424],[5.365405000052125,43.315753999175854],[5.3652509999208435,43.315877999316946],[5.365117999853181,43.315999999049644],[5.3650089996847985,43.31611899864916],[5.36485900048482,43.31628999861575],[5.364739000272147,43.316437999266334],[5.364632000534868,43.3165579987128],[5.364479999501134,43.316734998923394],[5.364284000017316,43.31698099883347],[5.364102999534964,43.3171949991617],[5.36400200035551,43.31732399889239],[5.363901000095156,43.317472998847435],[5.363827999647439,43.31757699941478],[5.363743000168552,43.31772299893428]],"type":"LineString"},"properties":{"id":"TRONROUT0000000040950443","date_debut":"2022-09-01","date_fin":"2032-08-31","vp_critair":null,"vp_horaires":"24\/7","vul_critair":null,"vul_horaires":"24\/7","pl_critair":null,"pl_horaires":"24\/7","autobus_autocars_critair":null,"autobus_autocars_horaires":"24\/7","deux_rm_critair":null,"deux_rm_horaires":"24\/7","url_arrete":"https:\/\/ampmetropole.fr\/wp-content\/uploads\/2022\/08\/ZFE-m-Marseille_arrete-22-131-CM.pdf","url_site_information":"https:\/\/ampmetropole.fr\/missions\/strategie-environnementale\/qualite-de-lair\/zone-a-faibles-emissions-mobilite-zfe-m\/","geo_point_2d":{"lon":5.366056682756781,"lat":43.31526639935591}}},{"type":"Feature","geometry":{"coordinates":[[5.36865100029944,43.31123999912802],[5.368646000229964,43.31132799883417],[5.368646000279713,43.31133099936311],[5.368636999391776,43.31143599914515],[5.368619999807822,43.31154099869915],[5.368599000003207,43.311640999223776],[5.368572000510021,43.31174399944154],[5.368529000029253,43.311876999163985],[5.368513000444395,43.31191599933025],[5.368498000356325,43.31195499919552],[5.3684780006137025,43.31200399937416],[5.368398999894613,43.31218299917844],[5.368357000077342,43.312269998781524],[5.368324999558715,43.3123339990221],[5.368268999916987,43.312453998865706],[5.368163000471143,43.31267799860502]],"type":"LineString"},"properties":{"id":"TRONROUT0000000324756121","date_debut":"2022-09-01","date_fin":"2032-08-31","vp_critair":null,"vp_horaires":"24\/7","vul_critair":null,"vul_horaires":"24\/7","pl_critair":null,"pl_horaires":"24\/7","autobus_autocars_critair":null,"autobus_autocars_horaires":"24\/7","deux_rm_critair":null,"deux_rm_horaires":"24\/7","url_arrete":"https:\/\/ampmetropole.fr\/wp-content\/uploads\/2022\/08\/ZFE-m-Marseille_arrete-22-131-CM.pdf","url_site_information":"https:\/\/ampmetropole.fr\/missions\/strategie-environnementale\/qualite-de-lair\/zone-a-faibles-emissions-mobilite-zfe-m\/","geo_point_2d":{"lon":5.368459198523062,"lat":43.31197425845386}}},{"type":"Feature","geometry":{"coordinates":[[5.363743000168552,43.31772299893428],[5.363731999873192,43.31774299944151],[5.36369299996419,43.31780699933762],[5.363672999854236,43.31785099932378],[5.363636999809504,43.31792199937346],[5.363561000107373,43.31809499946231],[5.363532000455465,43.31818699871899],[5.363525000535064,43.31821299923242],[5.36350499974699,43.318292999393094],[5.363502999508085,43.3183049993831],[5.363502000601309,43.31831099890161],[5.36349399945832,43.31835099892517],[5.363484999905715,43.31839099917595],[5.363476999520376,43.318451999367845],[5.363476000307457,43.31847199901638],[5.363466999752859,43.31857999924931],[5.363466000512695,43.318584998895545],[5.363464999889054,43.3185969986342],[5.363463000012984,43.318695999008845],[5.36346399966934,43.318710998761034],[5.363467999673551,43.31877499906316],[5.363467999952323,43.31878699942254],[5.363468999437924,43.31879399923577],[5.363478999887902,43.318861999286476],[5.363485999849894,43.318928999354625],[5.3634910000499065,43.318975998731325],[5.363513999625014,43.31906599908506],[5.363515999994331,43.319072998618694],[5.3635419995195255,43.31916199921046],[5.36357599947474,43.31925299925973],[5.363609000352392,43.31933799936359],[5.363630000022796,43.319391999131405],[5.36363399950134,43.31940199870252],[5.363638000497538,43.31940899949739],[5.3636810002553865,43.31949299891068],[5.363720000302863,43.319565998869194],[5.363762999647172,43.319658999005405],[5.363815000019618,43.31974899889109],[5.363876000516028,43.319865999476264],[5.363898999807514,43.31990499868013],[5.363932999479134,43.31996299900598],[5.363969999705537,43.32002899936967],[5.36397299948841,43.32003499876769],[5.363989999673027,43.320062999035095],[5.363995999513211,43.32007199907962],[5.364024999667815,43.32012599937899],[5.364108999415267,43.32027499900253],[5.364179000323618,43.320419999176046],[5.364221999934446,43.320516998743464],[5.364230000243578,43.32052899878078],[5.364244000529315,43.32056799942881],[5.3642649997958065,43.320624998802636],[5.364295999904697,43.320714998789896],[5.364297999570903,43.32072299911885],[5.3643090005880705,43.3207789994541],[5.364314000455792,43.32079399905026],[5.364315000242865,43.320804999292235],[5.3643230005161,43.320830999480314],[5.364324000140948,43.320837999296685],[5.364336999531902,43.32089099948661],[5.364350000607307,43.32093099936894],[5.364363999975995,43.32102399909257],[5.364370999441502,43.32106799925495],[5.364379000467122,43.32112099895912],[5.364385999835881,43.321185999361994],[5.364392000132057,43.32123499919342],[5.364393999962178,43.32124699905178],[5.364396000583813,43.321303999015875],[5.364398000301652,43.321336999115424],[5.364398000033743,43.32137899869854],[5.364398000556375,43.321472999374514],[5.364398000007091,43.32147499915227],[5.364393999655813,43.3215309990778],[5.364392000618127,43.32158899910516],[5.364381000568574,43.32171099948914],[5.364355999575382,43.321853999406656],[5.364332000166479,43.321959998848726],[5.364302000346327,43.322066998891],[5.364296999615369,43.32208199939509],[5.364270999934484,43.32216099892792],[5.3642659998104145,43.32218499926843],[5.364223999477042,43.32229899900485],[5.364176999963398,43.32238999912497],[5.36412600042266,43.322495999445636],[5.364076999584251,43.32258599930636],[5.364035000348978,43.32265799935179],[5.364025999709599,43.322673998989295],[5.363958999564921,43.32278099887712],[5.363888999446376,43.322878998763166],[5.363826000177531,43.322963999157196],[5.363777999463331,43.32303199938543],[5.3636500002283425,43.32317499918659],[5.363420999761919,43.32340799933936],[5.363164999378409,43.3236549989162],[5.362884999786287,43.32392599938624],[5.36245100050571,43.32434299921089],[5.362171999543451,43.324611998743315],[5.361969000000769,43.324809998819916],[5.361783999748763,43.32498799916007],[5.361573000432452,43.32518499874882]],"type":"LineString"},"properties":{"id":"TRONROUT0000000040946290","date_debut":"2022-09-01","date_fin":"2032-08-31","vp_critair":null,"vp_horaires":"24\/7","vul_critair":null,"vul_horaires":"24\/7","pl_critair":null,"pl_horaires":"24\/7","autobus_autocars_critair":null,"autobus_autocars_horaires":"24\/7","deux_rm_critair":null,"deux_rm_horaires":"24\/7","url_arrete":"https:\/\/ampmetropole.fr\/wp-content\/uploads\/2022\/08\/ZFE-m-Marseille_arrete-22-131-CM.pdf","url_site_information":"https:\/\/ampmetropole.fr\/missions\/strategie-environnementale\/qualite-de-lair\/zone-a-faibles-emissions-mobilite-zfe-m\/","geo_point_2d":{"lon":5.363509256881806,"lat":43.32170254315161}}},{"type":"Feature","geometry":{"coordinates":[[5.377855000084721,43.32042299940723],[5.377822999821201,43.320223999372395],[5.377762999977236,43.319838999020305],[5.377746999877006,43.31973799875723],[5.377711999496288,43.31946099895126]],"type":"LineString"},"properties":{"id":"TRONROUT0000000040946136","date_debut":"2022-09-01","date_fin":"2032-08-31","vp_critair":null,"vp_horaires":"24\/7","vul_critair":null,"vul_horaires":"24\/7","pl_critair":null,"pl_horaires":"24\/7","autobus_autocars_critair":null,"autobus_autocars_horaires":"24\/7","deux_rm_critair":null,"deux_rm_horaires":"24\/7","url_arrete":"https:\/\/ampmetropole.fr\/wp-content\/uploads\/2022\/08\/ZFE-m-Marseille_arrete-22-131-CM.pdf","url_site_information":"https:\/\/ampmetropole.fr\/missions\/strategie-environnementale\/qualite-de-lair\/zone-a-faibles-emissions-mobilite-zfe-m\/","geo_point_2d":{"lon":5.377780309356265,"lat":43.31994245518886}}},{"type":"Feature","geometry":{"coordinates":[[5.397681999456646,43.28280199920665],[5.397768999451088,43.28282199902649],[5.39791899961841,43.282852999515434],[5.398173999853645,43.28290899871743],[5.398281000455686,43.282933999029005],[5.398312999956453,43.282939998928136],[5.398403999681772,43.28296199919743],[5.3985670001910835,43.28299799935323],[5.398684999830833,43.28302499873182],[5.398764000489011,43.283041999360975],[5.398854999609098,43.283062999406816],[5.39900100027683,43.28309699862361],[5.399068999894948,43.28311199876396],[5.399260999926163,43.283154999246996],[5.399375000403707,43.283181999394955],[5.399465999967052,43.28320299892867]],"type":"LineString"},"properties":{"id":"TRONROUT0000000040969429","date_debut":"2022-09-01","date_fin":"2032-08-31","vp_critair":null,"vp_horaires":"24\/7","vul_critair":null,"vul_horaires":"24\/7","pl_critair":null,"pl_horaires":"24\/7","autobus_autocars_critair":null,"autobus_autocars_horaires":"24\/7","deux_rm_critair":null,"deux_rm_horaires":"24\/7","url_arrete":"https:\/\/ampmetropole.fr\/wp-content\/uploads\/2022\/08\/ZFE-m-Marseille_arrete-22-131-CM.pdf","url_site_information":"https:\/\/ampmetropole.fr\/missions\/strategie-environnementale\/qualite-de-lair\/zone-a-faibles-emissions-mobilite-zfe-m\/","geo_point_2d":{"lon":5.398574438262655,"lat":43.283000498419646}}},{"type":"Feature","geometry":{"coordinates":[[5.398794000589056,43.284487999326934],[5.398816000060342,43.28442699870265],[5.398824000316279,43.284365999279416],[5.3988300005527705,43.284152998748645],[5.398819999988538,43.284054998901794],[5.398825999379604,43.28396899864229],[5.398834999610672,43.28389599933401],[5.398834000189518,43.28389299942208],[5.398843999644899,43.28383199883504]],"type":"LineString"},"properties":{"id":"TRONROUT0000000040969678","date_debut":"2022-09-01","date_fin":"2032-08-31","vp_critair":null,"vp_horaires":"24\/7","vul_critair":null,"vul_horaires":"24\/7","pl_critair":null,"pl_horaires":"24\/7","autobus_autocars_critair":null,"autobus_autocars_horaires":"24\/7","deux_rm_critair":null,"deux_rm_horaires":"24\/7","url_arrete":"https:\/\/ampmetropole.fr\/wp-content\/uploads\/2022\/08\/ZFE-m-Marseille_arrete-22-131-CM.pdf","url_site_information":"https:\/\/ampmetropole.fr\/missions\/strategie-environnementale\/qualite-de-lair\/zone-a-faibles-emissions-mobilite-zfe-m\/","geo_point_2d":{"lon":5.398824923462373,"lat":43.28416121477322}}},{"type":"Feature","geometry":{"coordinates":[[5.3772770003883705,43.32103899932186],[5.37733599964718,43.32115599926331],[5.377632999618012,43.32160299890828],[5.377733999695973,43.32184099932932],[5.377782999454689,43.322018998936315],[5.37782599963351,43.32222399879047]],"type":"LineString"},"properties":{"id":"TRONROUT0000000040946214","date_debut":"2022-09-01","date_fin":"2032-08-31","vp_critair":null,"vp_horaires":"24\/7","vul_critair":null,"vul_horaires":"24\/7","pl_critair":null,"pl_horaires":"24\/7","autobus_autocars_critair":null,"autobus_autocars_horaires":"24\/7","deux_rm_critair":null,"deux_rm_horaires":"24\/7","url_arrete":"https:\/\/ampmetropole.fr\/wp-content\/uploads\/2022\/08\/ZFE-m-Marseille_arrete-22-131-CM.pdf","url_site_information":"https:\/\/ampmetropole.fr\/missions\/strategie-environnementale\/qualite-de-lair\/zone-a-faibles-emissions-mobilite-zfe-m\/","geo_point_2d":{"lon":5.377594880852693,"lat":43.32161326871778}}},{"type":"Feature","geometry":{"coordinates":[[5.395747999592972,43.28100299944459],[5.395802000629711,43.280946999441866],[5.395843000067368,43.280860999323394],[5.39591000024065,43.280702999445985],[5.395947000193682,43.280556998994875],[5.395968999736825,43.280397999081565],[5.39588500044951,43.279826998879145],[5.395756000276708,43.27922899883098],[5.39498699947362,43.2762319991798],[5.394925000144197,43.27559299930507],[5.394900000054219,43.275409998851],[5.394709999524615,43.27504599890465],[5.394644000100867,43.27491399918823],[5.394575999640899,43.274743998796474],[5.394526999665336,43.274627998873534],[5.394408999739385,43.27451599863814],[5.394232000182789,43.2744249988189],[5.3920160005446345,43.27298499906132]],"type":"LineString"},"properties":{"id":"TRONROUT0000000350244277","date_debut":"2022-09-01","date_fin":"2032-08-31","vp_critair":null,"vp_horaires":"24\/7","vul_critair":null,"vul_horaires":"24\/7","pl_critair":null,"pl_horaires":"24\/7","autobus_autocars_critair":null,"autobus_autocars_horaires":"24\/7","deux_rm_critair":null,"deux_rm_horaires":"24\/7","url_arrete":"https:\/\/ampmetropole.fr\/wp-content\/uploads\/2022\/08\/ZFE-m-Marseille_arrete-22-131-CM.pdf","url_site_information":"https:\/\/ampmetropole.fr\/missions\/strategie-environnementale\/qualite-de-lair\/zone-a-faibles-emissions-mobilite-zfe-m\/","geo_point_2d":{"lon":5.394718740827715,"lat":43.27655820703575}}},{"type":"Feature","geometry":{"coordinates":[[5.394408999928015,43.28140099912491],[5.394471000598123,43.28136599874947],[5.394536999588606,43.28132799923332],[5.394608000387381,43.28128799889153],[5.394655999687507,43.281263999423885]],"type":"LineString"},"properties":{"id":"TRONROUT0000000082906517","date_debut":"2022-09-01","date_fin":"2032-08-31","vp_critair":null,"vp_horaires":"24\/7","vul_critair":null,"vul_horaires":"24\/7","pl_critair":null,"pl_horaires":"24\/7","autobus_autocars_critair":null,"autobus_autocars_horaires":"24\/7","deux_rm_critair":null,"deux_rm_horaires":"24\/7","url_arrete":"https:\/\/ampmetropole.fr\/wp-content\/uploads\/2022\/08\/ZFE-m-Marseille_arrete-22-131-CM.pdf","url_site_information":"https:\/\/ampmetropole.fr\/missions\/strategie-environnementale\/qualite-de-lair\/zone-a-faibles-emissions-mobilite-zfe-m\/","geo_point_2d":{"lon":5.394531944803773,"lat":43.281331460879706}}},{"type":"Feature","geometry":{"coordinates":[[5.366844000166551,43.29094699869893],[5.366698999542885,43.29096399878093],[5.36665600000507,43.29096799947621],[5.366602999733143,43.29097099881889],[5.366510999494278,43.2909759987606],[5.366461000438755,43.29097899890676],[5.366254000120319,43.29097799875211],[5.366194999670529,43.29097699934341],[5.366118000147088,43.2909779986376],[5.3660539997038414,43.29097899945322],[5.365839000207354,43.2909489986166]],"type":"LineString"},"properties":{"id":"TRONROUT0000000040966044","date_debut":"2022-09-01","date_fin":"2032-08-31","vp_critair":null,"vp_horaires":"24\/7","vul_critair":null,"vul_horaires":"24\/7","pl_critair":null,"pl_horaires":"24\/7","autobus_autocars_critair":null,"autobus_autocars_horaires":"24\/7","deux_rm_critair":null,"deux_rm_horaires":"24\/7","url_arrete":"https:\/\/ampmetropole.fr\/wp-content\/uploads\/2022\/08\/ZFE-m-Marseille_arrete-22-131-CM.pdf","url_site_information":"https:\/\/ampmetropole.fr\/missions\/strategie-environnementale\/qualite-de-lair\/zone-a-faibles-emissions-mobilite-zfe-m\/","geo_point_2d":{"lon":5.366341231668963,"lat":43.290970398649165}}},{"type":"Feature","geometry":{"coordinates":[[5.363625000206136,43.31767299916209],[5.36376100044277,43.31747899923422],[5.36387899968463,43.317322999369],[5.363975000133417,43.317205998717625],[5.364065999466933,43.31709199898284],[5.364162000573315,43.31697899947249],[5.364205999462066,43.31692799923381],[5.364307999556695,43.316798999037005],[5.3644400002529204,43.31662499874293],[5.364576000419977,43.31643499915047],[5.364680999807537,43.31626999946788],[5.364785000010334,43.316107998684494],[5.364878999635,43.315944998896725],[5.364932999840741,43.315860998688805],[5.364971999667098,43.31578699869717],[5.365117999613283,43.315514999359635],[5.365156000344827,43.31542999910534],[5.365204999751212,43.315319998843904],[5.365345000107405,43.314949999342346]],"type":"LineString"},"properties":{"id":"TRONROUT0000000040950393","date_debut":"2022-09-01","date_fin":"2032-08-31","vp_critair":null,"vp_horaires":"24\/7","vul_critair":null,"vul_horaires":"24\/7","pl_critair":null,"pl_horaires":"24\/7","autobus_autocars_critair":null,"autobus_autocars_horaires":"24\/7","deux_rm_critair":null,"deux_rm_horaires":"24\/7","url_arrete":"https:\/\/ampmetropole.fr\/wp-content\/uploads\/2022\/08\/ZFE-m-Marseille_arrete-22-131-CM.pdf","url_site_information":"https:\/\/ampmetropole.fr\/missions\/strategie-environnementale\/qualite-de-lair\/zone-a-faibles-emissions-mobilite-zfe-m\/","geo_point_2d":{"lon":5.364562338155556,"lat":43.31635718837951}}},{"type":"Feature","geometry":{"coordinates":[[5.366844000166551,43.29094699869893],[5.366950999632562,43.29092799948635],[5.367054000264529,43.29090999942142],[5.367147999724296,43.290891999336296],[5.36732200035289,43.29085299910535],[5.3673799997017575,43.29083999928408],[5.367394000346214,43.29083699897533],[5.367435999909149,43.29082199892802],[5.367519000203951,43.29079599940862],[5.3676189997650425,43.290763999004675],[5.367696999938858,43.290739998820904],[5.367761999833873,43.290718998619155],[5.368020000278591,43.290627999000556],[5.3682080000615855,43.29055299886651],[5.368647999502053,43.290299998720236],[5.368746000177213,43.290234998876564],[5.36877500009271,43.290216999281164],[5.368871000036395,43.29014699887891],[5.368899999449731,43.29012799940001],[5.3692259999962815,43.2898809993874],[5.369319000161541,43.28981099865296],[5.369620999762321,43.28958199916814],[5.3697169996880865,43.289510999043635],[5.369728999425869,43.2895029989052],[5.369908000498004,43.28936799898595],[5.369996999808561,43.289302999207145],[5.370009999737178,43.28929199911962],[5.370037000496561,43.289273998927236],[5.370192000285311,43.28915899925594],[5.370213999523622,43.289141998785496],[5.3702230001689335,43.28913599929625],[5.3702429995666625,43.28912099920644],[5.370360000148129,43.289034998945915],[5.370597000337835,43.28885799864488],[5.370646999519438,43.28881899888273],[5.370670000559519,43.28880299869959],[5.370677999488632,43.288796998648756],[5.370700999611016,43.2887789987591]],"type":"LineString"},"properties":{"id":"TRONROUT0000000040966036","date_debut":"2022-09-01","date_fin":"2032-08-31","vp_critair":null,"vp_horaires":"24\/7","vul_critair":null,"vul_horaires":"24\/7","pl_critair":null,"pl_horaires":"24\/7","autobus_autocars_critair":null,"autobus_autocars_horaires":"24\/7","deux_rm_critair":null,"deux_rm_horaires":"24\/7","url_arrete":"https:\/\/ampmetropole.fr\/wp-content\/uploads\/2022\/08\/ZFE-m-Marseille_arrete-22-131-CM.pdf","url_site_information":"https:\/\/ampmetropole.fr\/missions\/strategie-environnementale\/qualite-de-lair\/zone-a-faibles-emissions-mobilite-zfe-m\/","geo_point_2d":{"lon":5.368855691580615,"lat":43.29003458370958}}},{"type":"Feature","geometry":{"coordinates":[[5.36411599966608,43.317559999439126],[5.364066999739485,43.317491999124165],[5.364048999765268,43.31746499908225],[5.364026999606939,43.317432998911976],[5.36401000049393,43.31739499900424],[5.363981999424679,43.317327999264165],[5.363979000308703,43.317319999208344],[5.363976000051707,43.317304999120765],[5.36394899979871,43.31719399899916],[5.36393900025798,43.317092999435054],[5.36393799989737,43.317068999005414],[5.363944999464891,43.31696999920204],[5.363946999427069,43.316953998802305],[5.363971999539329,43.31685899911287],[5.363978000298995,43.316838999012894],[5.363983000324272,43.31682299871221],[5.364026000045326,43.31672599896359],[5.364090000427867,43.31661199922151],[5.364193000312991,43.31648799918953],[5.364328999982942,43.316330998652525],[5.3644780001194645,43.316177999322406],[5.364613999907533,43.316014999156366],[5.364713999878999,43.31588699903938],[5.3648119998894686,43.31575799950301],[5.364897000483141,43.31563099871012],[5.364983000421066,43.315517999491604],[5.365040999873066,43.31543799946947],[5.365119999531204,43.31531099929431],[5.365345000107405,43.314949999342346]],"type":"LineString"},"properties":{"id":"TRONROUT0000000040950392","date_debut":"2022-09-01","date_fin":"2032-08-31","vp_critair":null,"vp_horaires":"24\/7","vul_critair":null,"vul_horaires":"24\/7","pl_critair":null,"pl_horaires":"24\/7","autobus_autocars_critair":null,"autobus_autocars_horaires":"24\/7","deux_rm_critair":null,"deux_rm_horaires":"24\/7","url_arrete":"https:\/\/ampmetropole.fr\/wp-content\/uploads\/2022\/08\/ZFE-m-Marseille_arrete-22-131-CM.pdf","url_site_information":"https:\/\/ampmetropole.fr\/missions\/strategie-environnementale\/qualite-de-lair\/zone-a-faibles-emissions-mobilite-zfe-m\/","geo_point_2d":{"lon":5.364500715154306,"lat":43.31622606863497}}},{"type":"Feature","geometry":{"coordinates":[[5.400600000132709,43.28331499891084],[5.400697999437541,43.2833329988999],[5.400728999418108,43.2833379988374],[5.400920000098798,43.28337099925678],[5.4009459999314,43.28337599864233],[5.4011290001245,43.28340799931354],[5.401161000221915,43.28341399927087],[5.401341999820483,43.2834469989153],[5.401545999570271,43.28349199935274],[5.401577000449649,43.283498998766554],[5.401678000315249,43.28352099906006]],"type":"LineString"},"properties":{"id":"TRONROUT0000000040969618","date_debut":"2022-09-01","date_fin":"2032-08-31","vp_critair":null,"vp_horaires":"24\/7","vul_critair":null,"vul_horaires":"24\/7","pl_critair":null,"pl_horaires":"24\/7","autobus_autocars_critair":null,"autobus_autocars_horaires":"24\/7","deux_rm_critair":null,"deux_rm_horaires":"24\/7","url_arrete":"https:\/\/ampmetropole.fr\/wp-content\/uploads\/2022\/08\/ZFE-m-Marseille_arrete-22-131-CM.pdf","url_site_information":"https:\/\/ampmetropole.fr\/missions\/strategie-environnementale\/qualite-de-lair\/zone-a-faibles-emissions-mobilite-zfe-m\/","geo_point_2d":{"lon":5.401139982031782,"lat":43.283413016106614}}},{"type":"Feature","geometry":{"coordinates":[[5.377853999886843,43.33070699902066],[5.377781999584847,43.3312689988108]],"type":"LineString"},"properties":{"id":"TRONROUT0000000040940921","date_debut":"2022-09-01","date_fin":"2032-08-31","vp_critair":null,"vp_horaires":"24\/7","vul_critair":null,"vul_horaires":"24\/7","pl_critair":null,"pl_horaires":"24\/7","autobus_autocars_critair":null,"autobus_autocars_horaires":"24\/7","deux_rm_critair":null,"deux_rm_horaires":"24\/7","url_arrete":"https:\/\/ampmetropole.fr\/wp-content\/uploads\/2022\/08\/ZFE-m-Marseille_arrete-22-131-CM.pdf","url_site_information":"https:\/\/ampmetropole.fr\/missions\/strategie-environnementale\/qualite-de-lair\/zone-a-faibles-emissions-mobilite-zfe-m\/","geo_point_2d":{"lon":5.377817999735845,"lat":43.33098799891573}}},{"type":"Feature","geometry":{"coordinates":[[5.3671170003151625,43.31134399865939],[5.367120000530099,43.31127299935939],[5.367122000127196,43.31123999926304],[5.367121999793139,43.31111399869689],[5.367109000070036,43.31091699912109],[5.367094999877623,43.310848999144795],[5.3670420006025,43.31061199938203],[5.366977999662426,43.31036199917039],[5.366772000361938,43.30962899879776]],"type":"LineString"},"properties":{"id":"TRONROUT0000000224433549","date_debut":"2022-09-01","date_fin":"2032-08-31","vp_critair":null,"vp_horaires":"24\/7","vul_critair":null,"vul_horaires":"24\/7","pl_critair":null,"pl_horaires":"24\/7","autobus_autocars_critair":null,"autobus_autocars_horaires":"24\/7","deux_rm_critair":null,"deux_rm_horaires":"24\/7","url_arrete":"https:\/\/ampmetropole.fr\/wp-content\/uploads\/2022\/08\/ZFE-m-Marseille_arrete-22-131-CM.pdf","url_site_information":"https:\/\/ampmetropole.fr\/missions\/strategie-environnementale\/qualite-de-lair\/zone-a-faibles-emissions-mobilite-zfe-m\/","geo_point_2d":{"lon":5.366989609074416,"lat":43.31047989408033}}},{"type":"Feature","geometry":{"coordinates":[[5.366565000246235,43.31262999909947],[5.366607000353504,43.31258099914733],[5.36668200032353,43.312468999065665],[5.366785000445813,43.312292999481734],[5.36683900005163,43.31219799889279],[5.366891000251847,43.31209299919186],[5.366928000289252,43.312007998743276],[5.3669529995910406,43.31195099929729],[5.367013999709972,43.31179799921504],[5.3670459996180915,43.31169499884933],[5.367088999731364,43.3115339987802],[5.367116000225679,43.31135499939639],[5.3671170003151625,43.31134399865939]],"type":"LineString"},"properties":{"id":"TRONROUT0000000324755982","date_debut":"2022-09-01","date_fin":"2032-08-31","vp_critair":null,"vp_horaires":"24\/7","vul_critair":null,"vul_horaires":"24\/7","pl_critair":null,"pl_horaires":"24\/7","autobus_autocars_critair":null,"autobus_autocars_horaires":"24\/7","deux_rm_critair":null,"deux_rm_horaires":"24\/7","url_arrete":"https:\/\/ampmetropole.fr\/wp-content\/uploads\/2022\/08\/ZFE-m-Marseille_arrete-22-131-CM.pdf","url_site_information":"https:\/\/ampmetropole.fr\/missions\/strategie-environnementale\/qualite-de-lair\/zone-a-faibles-emissions-mobilite-zfe-m\/","geo_point_2d":{"lon":5.366897007942484,"lat":43.31201046608782}}},{"type":"Feature","geometry":{"coordinates":[[5.363236000607385,43.29198399941992],[5.363255000272979,43.29202299873574],[5.363301999503946,43.29206999928463],[5.36336099941937,43.292099998941296],[5.363409999719253,43.2921099986722],[5.363474999475644,43.2921129986325],[5.363665999633013,43.29211099909434],[5.363728999577147,43.29210599876519]],"type":"LineString"},"properties":{"id":"TRONROUT0000000040966049","date_debut":"2022-09-01","date_fin":"2032-08-31","vp_critair":null,"vp_horaires":"24\/7","vul_critair":null,"vul_horaires":"24\/7","pl_critair":null,"pl_horaires":"24\/7","autobus_autocars_critair":null,"autobus_autocars_horaires":"24\/7","deux_rm_critair":null,"deux_rm_horaires":"24\/7","url_arrete":"https:\/\/ampmetropole.fr\/wp-content\/uploads\/2022\/08\/ZFE-m-Marseille_arrete-22-131-CM.pdf","url_site_information":"https:\/\/ampmetropole.fr\/missions\/strategie-environnementale\/qualite-de-lair\/zone-a-faibles-emissions-mobilite-zfe-m\/","geo_point_2d":{"lon":5.363462525261906,"lat":43.29209099969741}}},{"type":"Feature","geometry":{"coordinates":[[5.37828900010473,43.32597899940688],[5.378293000436938,43.325957999193164],[5.378303999466834,43.32586399875348],[5.378307999755916,43.32584499922478],[5.378310000450308,43.32582599867893]],"type":"LineString"},"properties":{"id":"TRONROUT0000000040940881","date_debut":"2022-09-01","date_fin":"2032-08-31","vp_critair":null,"vp_horaires":"24\/7","vul_critair":null,"vul_horaires":"24\/7","pl_critair":null,"pl_horaires":"24\/7","autobus_autocars_critair":null,"autobus_autocars_horaires":"24\/7","deux_rm_critair":null,"deux_rm_horaires":"24\/7","url_arrete":"https:\/\/ampmetropole.fr\/wp-content\/uploads\/2022\/08\/ZFE-m-Marseille_arrete-22-131-CM.pdf","url_site_information":"https:\/\/ampmetropole.fr\/missions\/strategie-environnementale\/qualite-de-lair\/zone-a-faibles-emissions-mobilite-zfe-m\/","geo_point_2d":{"lon":5.378299702858468,"lat":43.32590252066335}}},{"type":"Feature","geometry":{"coordinates":[[5.3773539999992845,43.320224999169824],[5.377251000161563,43.32041599869116],[5.377212999850371,43.32054799942198],[5.37720300049198,43.32062599897574],[5.377212999863537,43.32068899880244]],"type":"LineString"},"properties":{"id":"TRONROUT0000000040946217","date_debut":"2022-09-01","date_fin":"2032-08-31","vp_critair":null,"vp_horaires":"24\/7","vul_critair":null,"vul_horaires":"24\/7","pl_critair":null,"pl_horaires":"24\/7","autobus_autocars_critair":null,"autobus_autocars_horaires":"24\/7","deux_rm_critair":null,"deux_rm_horaires":"24\/7","url_arrete":"https:\/\/ampmetropole.fr\/wp-content\/uploads\/2022\/08\/ZFE-m-Marseille_arrete-22-131-CM.pdf","url_site_information":"https:\/\/ampmetropole.fr\/missions\/strategie-environnementale\/qualite-de-lair\/zone-a-faibles-emissions-mobilite-zfe-m\/","geo_point_2d":{"lon":5.377255914418556,"lat":43.320450609584995}}},{"type":"Feature","geometry":{"coordinates":[[5.370554999747487,43.319815998986755],[5.370224000541272,43.31972899871454],[5.3699989997684785,43.31966899903941],[5.369868000305633,43.319634999100614],[5.369535999474388,43.319546999052704],[5.369435000448162,43.319518999177674],[5.369214000445587,43.319459999216434],[5.3690060006131395,43.319401999137185],[5.36875199998915,43.31933599948968],[5.367909000167894,43.319110999502875],[5.366820999557562,43.318813998831736]],"type":"LineString"},"properties":{"id":"TRONROUT0000002277349572","date_debut":"2022-09-01","date_fin":"2032-08-31","vp_critair":null,"vp_horaires":"24\/7","vul_critair":null,"vul_horaires":"24\/7","pl_critair":null,"pl_horaires":"24\/7","autobus_autocars_critair":null,"autobus_autocars_horaires":"24\/7","deux_rm_critair":null,"deux_rm_horaires":"24\/7","url_arrete":"https:\/\/ampmetropole.fr\/wp-content\/uploads\/2022\/08\/ZFE-m-Marseille_arrete-22-131-CM.pdf","url_site_information":"https:\/\/ampmetropole.fr\/missions\/strategie-environnementale\/qualite-de-lair\/zone-a-faibles-emissions-mobilite-zfe-m\/","geo_point_2d":{"lon":5.368687239122325,"lat":43.31931784360295}}},{"type":"Feature","geometry":{"coordinates":[[5.363435000478724,43.2913159990404],[5.363245999590868,43.29185899900032]],"type":"LineString"},"properties":{"id":"TRONROUT0000000040965853","date_debut":"2022-09-01","date_fin":"2032-08-31","vp_critair":null,"vp_horaires":"24\/7","vul_critair":null,"vul_horaires":"24\/7","pl_critair":null,"pl_horaires":"24\/7","autobus_autocars_critair":null,"autobus_autocars_horaires":"24\/7","deux_rm_critair":null,"deux_rm_horaires":"24\/7","url_arrete":"https:\/\/ampmetropole.fr\/wp-content\/uploads\/2022\/08\/ZFE-m-Marseille_arrete-22-131-CM.pdf","url_site_information":"https:\/\/ampmetropole.fr\/missions\/strategie-environnementale\/qualite-de-lair\/zone-a-faibles-emissions-mobilite-zfe-m\/","geo_point_2d":{"lon":5.363340500034796,"lat":43.29158749902036}}},{"type":"Feature","geometry":{"coordinates":[[5.398843999644899,43.28383199883504],[5.398845000139899,43.28382699888777],[5.398855999637889,43.28378399890262],[5.398876999582273,43.28374499865357],[5.398900000091992,43.2837059989836],[5.398935999827792,43.28366099949071],[5.398970999571003,43.283618999289416],[5.399017000363041,43.28358399868276],[5.3990469997742885,43.28356399945042],[5.399074000530487,43.28354899862585],[5.399133000181313,43.28352199897453],[5.399188000076094,43.28350299883967],[5.399264999965586,43.28348399884965],[5.399315999567827,43.28347499884626],[5.399339000419204,43.28347299864549],[5.399422000230568,43.28346899920652],[5.399509000143879,43.283472998903775],[5.39957799942183,43.28347899933842],[5.3996179999686245,43.283481998869135],[5.399692000140343,43.28348999949978],[5.3998929995818825,43.2835189988969],[5.399954000272085,43.28352999879082],[5.400004999933844,43.28353899876691],[5.400239999532959,43.283567999187134],[5.4005010000567015,43.283598998970874],[5.400794999627547,43.28363799913861],[5.400803000428629,43.28363899942831],[5.400883999985711,43.28364899916021],[5.401349999601733,43.28365899915752]],"type":"LineString"},"properties":{"id":"TRONROUT0000000040969623","date_debut":"2022-09-01","date_fin":"2032-08-31","vp_critair":null,"vp_horaires":"24\/7","vul_critair":null,"vul_horaires":"24\/7","pl_critair":null,"pl_horaires":"24\/7","autobus_autocars_critair":null,"autobus_autocars_horaires":"24\/7","deux_rm_critair":null,"deux_rm_horaires":"24\/7","url_arrete":"https:\/\/ampmetropole.fr\/wp-content\/uploads\/2022\/08\/ZFE-m-Marseille_arrete-22-131-CM.pdf","url_site_information":"https:\/\/ampmetropole.fr\/missions\/strategie-environnementale\/qualite-de-lair\/zone-a-faibles-emissions-mobilite-zfe-m\/","geo_point_2d":{"lon":5.400028168526809,"lat":43.28358098515668}}},{"type":"Feature","geometry":{"coordinates":[[5.393287999659952,43.28244799925739],[5.393859000128144,43.282406999221436],[5.393957000502834,43.28240499892748]],"type":"LineString"},"properties":{"id":"TRONROUT0000000350416913","date_debut":"2022-09-01","date_fin":"2032-08-31","vp_critair":null,"vp_horaires":"24\/7","vul_critair":null,"vul_horaires":"24\/7","pl_critair":null,"pl_horaires":"24\/7","autobus_autocars_critair":null,"autobus_autocars_horaires":"24\/7","deux_rm_critair":null,"deux_rm_horaires":"24\/7","url_arrete":"https:\/\/ampmetropole.fr\/wp-content\/uploads\/2022\/08\/ZFE-m-Marseille_arrete-22-131-CM.pdf","url_site_information":"https:\/\/ampmetropole.fr\/missions\/strategie-environnementale\/qualite-de-lair\/zone-a-faibles-emissions-mobilite-zfe-m\/","geo_point_2d":{"lon":5.393622401337441,"lat":43.282424356077165}}},{"type":"Feature","geometry":{"coordinates":[[5.3931029997547775,43.282459999487905],[5.393181999714947,43.28245599891511],[5.393287999659952,43.28244799925739]],"type":"LineString"},"properties":{"id":"TRONROUT0000000356883123","date_debut":"2022-09-01","date_fin":"2032-08-31","vp_critair":null,"vp_horaires":"24\/7","vul_critair":null,"vul_horaires":"24\/7","pl_critair":null,"pl_horaires":"24\/7","autobus_autocars_critair":null,"autobus_autocars_horaires":"24\/7","deux_rm_critair":null,"deux_rm_horaires":"24\/7","url_arrete":"https:\/\/ampmetropole.fr\/wp-content\/uploads\/2022\/08\/ZFE-m-Marseille_arrete-22-131-CM.pdf","url_site_information":"https:\/\/ampmetropole.fr\/missions\/strategie-environnementale\/qualite-de-lair\/zone-a-faibles-emissions-mobilite-zfe-m\/","geo_point_2d":{"lon":5.393195534989457,"lat":43.28245455900904}}},{"type":"Feature","geometry":{"coordinates":[[5.378288000303501,43.31971799947771],[5.378246999536948,43.319804998757206],[5.378212000495465,43.31988999942953],[5.378183000126017,43.31996999920706],[5.378153999496639,43.320055999207824],[5.378131999702229,43.32013899945078],[5.3781090004192915,43.32025199939241],[5.378103999558814,43.32032799911771],[5.378118000040039,43.32040399939287]],"type":"LineString"},"properties":{"id":"TRONROUT0000000040946215","date_debut":"2022-09-01","date_fin":"2032-08-31","vp_critair":null,"vp_horaires":"24\/7","vul_critair":null,"vul_horaires":"24\/7","pl_critair":null,"pl_horaires":"24\/7","autobus_autocars_critair":null,"autobus_autocars_horaires":"24\/7","deux_rm_critair":null,"deux_rm_horaires":"24\/7","url_arrete":"https:\/\/ampmetropole.fr\/wp-content\/uploads\/2022\/08\/ZFE-m-Marseille_arrete-22-131-CM.pdf","url_site_information":"https:\/\/ampmetropole.fr\/missions\/strategie-environnementale\/qualite-de-lair\/zone-a-faibles-emissions-mobilite-zfe-m\/","geo_point_2d":{"lon":5.378169482528343,"lat":43.320055045171905}}},{"type":"Feature","geometry":{"coordinates":[[5.363413999678074,43.297083999240655],[5.363550000131008,43.29727999886458]],"type":"LineString"},"properties":{"id":"TRONROUT0000000040960647","date_debut":"2022-09-01","date_fin":"2032-08-31","vp_critair":null,"vp_horaires":"24\/7","vul_critair":null,"vul_horaires":"24\/7","pl_critair":null,"pl_horaires":"24\/7","autobus_autocars_critair":null,"autobus_autocars_horaires":"24\/7","deux_rm_critair":null,"deux_rm_horaires":"24\/7","url_arrete":"https:\/\/ampmetropole.fr\/wp-content\/uploads\/2022\/08\/ZFE-m-Marseille_arrete-22-131-CM.pdf","url_site_information":"https:\/\/ampmetropole.fr\/missions\/strategie-environnementale\/qualite-de-lair\/zone-a-faibles-emissions-mobilite-zfe-m\/","geo_point_2d":{"lon":5.3634819999045416,"lat":43.29718199905262}}},{"type":"Feature","geometry":{"coordinates":[[5.371723000591027,43.32012399884472],[5.371577000330772,43.32008499936951],[5.371512000031935,43.320067998844],[5.371354000122568,43.32002599893618],[5.371092999682903,43.319956999215194]],"type":"LineString"},"properties":{"id":"TRONROUT0000000040946207","date_debut":"2022-09-01","date_fin":"2032-08-31","vp_critair":null,"vp_horaires":"24\/7","vul_critair":null,"vul_horaires":"24\/7","pl_critair":null,"pl_horaires":"24\/7","autobus_autocars_critair":null,"autobus_autocars_horaires":"24\/7","deux_rm_critair":null,"deux_rm_horaires":"24\/7","url_arrete":"https:\/\/ampmetropole.fr\/wp-content\/uploads\/2022\/08\/ZFE-m-Marseille_arrete-22-131-CM.pdf","url_site_information":"https:\/\/ampmetropole.fr\/missions\/strategie-environnementale\/qualite-de-lair\/zone-a-faibles-emissions-mobilite-zfe-m\/","geo_point_2d":{"lon":5.3714080309602545,"lat":43.320040383409214}}},{"type":"Feature","geometry":{"coordinates":[[5.365345000107405,43.314949999342346],[5.3654300000472865,43.31471599861443],[5.365432999722687,43.31470499911992],[5.365563000358386,43.3143859987217],[5.3656000000219395,43.31430399919381],[5.365723000032494,43.31403999932501],[5.365910000524497,43.31368699916916],[5.366053000098332,43.31344299892708],[5.366350999444016,43.312975999067085],[5.366523999976918,43.31269599935487],[5.366565000246235,43.31262999909947]],"type":"LineString"},"properties":{"id":"TRONROUT0000000040954874","date_debut":"2022-09-01","date_fin":"2032-08-31","vp_critair":null,"vp_horaires":"24\/7","vul_critair":null,"vul_horaires":"24\/7","pl_critair":null,"pl_horaires":"24\/7","autobus_autocars_critair":null,"autobus_autocars_horaires":"24\/7","deux_rm_critair":null,"deux_rm_horaires":"24\/7","url_arrete":"https:\/\/ampmetropole.fr\/wp-content\/uploads\/2022\/08\/ZFE-m-Marseille_arrete-22-131-CM.pdf","url_site_information":"https:\/\/ampmetropole.fr\/missions\/strategie-environnementale\/qualite-de-lair\/zone-a-faibles-emissions-mobilite-zfe-m\/","geo_point_2d":{"lon":5.365905497859804,"lat":43.313764963289955}}},{"type":"Feature","geometry":{"coordinates":[[5.363734999598743,43.29213899879946],[5.363740999888791,43.29213599937003],[5.363808000043787,43.292111998755736],[5.363832999812765,43.292094998775575],[5.363862000361134,43.29207899933226],[5.363887999706137,43.29205599901373]],"type":"LineString"},"properties":{"id":"TRONROUT0000000040965954","date_debut":"2022-09-01","date_fin":"2032-08-31","vp_critair":null,"vp_horaires":"24\/7","vul_critair":null,"vul_horaires":"24\/7","pl_critair":null,"pl_horaires":"24\/7","autobus_autocars_critair":null,"autobus_autocars_horaires":"24\/7","deux_rm_critair":null,"deux_rm_horaires":"24\/7","url_arrete":"https:\/\/ampmetropole.fr\/wp-content\/uploads\/2022\/08\/ZFE-m-Marseille_arrete-22-131-CM.pdf","url_site_information":"https:\/\/ampmetropole.fr\/missions\/strategie-environnementale\/qualite-de-lair\/zone-a-faibles-emissions-mobilite-zfe-m\/","geo_point_2d":{"lon":5.363814582824516,"lat":43.292102878864036}}},{"type":"Feature","geometry":{"coordinates":[[5.378007999916118,43.323084998956034],[5.377868000584565,43.32259299880629],[5.377795000592366,43.3223209992327],[5.377727000116961,43.32211999881118],[5.377654000588657,43.32198999869275],[5.37750499954483,43.32183499863331],[5.37735999984723,43.3217239990921],[5.377294999922621,43.32168599888751],[5.377268000553566,43.32167299910359],[5.377120999942786,43.32160999918518],[5.376890000109517,43.32152499874702],[5.3767659999020445,43.321488999083925]],"type":"LineString"},"properties":{"id":"TRONROUT0000000040946201","date_debut":"2022-09-01","date_fin":"2032-08-31","vp_critair":null,"vp_horaires":"24\/7","vul_critair":null,"vul_horaires":"24\/7","pl_critair":null,"pl_horaires":"24\/7","autobus_autocars_critair":null,"autobus_autocars_horaires":"24\/7","deux_rm_critair":null,"deux_rm_horaires":"24\/7","url_arrete":"https:\/\/ampmetropole.fr\/wp-content\/uploads\/2022\/08\/ZFE-m-Marseille_arrete-22-131-CM.pdf","url_site_information":"https:\/\/ampmetropole.fr\/missions\/strategie-environnementale\/qualite-de-lair\/zone-a-faibles-emissions-mobilite-zfe-m\/","geo_point_2d":{"lon":5.377558873252885,"lat":43.322134331012315}}},{"type":"Feature","geometry":{"coordinates":[[5.3767659999020445,43.321488999083925],[5.376444000108544,43.321396999146465],[5.376213999505905,43.32132999942626],[5.376022999742618,43.32127399949905],[5.376003000055958,43.32126799869573],[5.375994000473318,43.32126599869802],[5.375821999447723,43.32121299906784],[5.375755999454067,43.32119399891683],[5.375567000226412,43.321142998684415],[5.375543999834078,43.32113599904421],[5.375420999656264,43.32110199908749],[5.37538400020492,43.321090998738406]],"type":"LineString"},"properties":{"id":"TRONROUT0000000040946203","date_debut":"2022-09-01","date_fin":"2032-08-31","vp_critair":null,"vp_horaires":"24\/7","vul_critair":null,"vul_horaires":"24\/7","pl_critair":null,"pl_horaires":"24\/7","autobus_autocars_critair":null,"autobus_autocars_horaires":"24\/7","deux_rm_critair":null,"deux_rm_horaires":"24\/7","url_arrete":"https:\/\/ampmetropole.fr\/wp-content\/uploads\/2022\/08\/ZFE-m-Marseille_arrete-22-131-CM.pdf","url_site_information":"https:\/\/ampmetropole.fr\/missions\/strategie-environnementale\/qualite-de-lair\/zone-a-faibles-emissions-mobilite-zfe-m\/","geo_point_2d":{"lon":5.376075202001832,"lat":43.321289234896426}}},{"type":"Feature","geometry":{"coordinates":[[5.363728999577147,43.29210599876519],[5.363781999633011,43.29208799936095],[5.363826999646504,43.29205799931018],[5.363866000343434,43.29202299887673],[5.363871999582352,43.292016998983186]],"type":"LineString"},"properties":{"id":"TRONROUT0000000040965953","date_debut":"2022-09-01","date_fin":"2032-08-31","vp_critair":null,"vp_horaires":"24\/7","vul_critair":null,"vul_horaires":"24\/7","pl_critair":null,"pl_horaires":"24\/7","autobus_autocars_critair":null,"autobus_autocars_horaires":"24\/7","deux_rm_critair":null,"deux_rm_horaires":"24\/7","url_arrete":"https:\/\/ampmetropole.fr\/wp-content\/uploads\/2022\/08\/ZFE-m-Marseille_arrete-22-131-CM.pdf","url_site_information":"https:\/\/ampmetropole.fr\/missions\/strategie-environnementale\/qualite-de-lair\/zone-a-faibles-emissions-mobilite-zfe-m\/","geo_point_2d":{"lon":5.363804531990863,"lat":43.292068264070615}}},{"type":"Feature","geometry":{"coordinates":[[5.36851900060291,43.310144999463255],[5.368481000086741,43.31005099868331],[5.368443000551439,43.309955998902524],[5.368411999680875,43.30986899867863],[5.368412000566385,43.30980299878054],[5.368426000183663,43.30975399874808],[5.368479000142532,43.30964999884008],[5.368547999755223,43.30952099884965]],"type":"LineString"},"properties":{"id":"TRONROUT0000000224433532","date_debut":"2022-09-01","date_fin":"2032-08-31","vp_critair":null,"vp_horaires":"24\/7","vul_critair":null,"vul_horaires":"24\/7","pl_critair":null,"pl_horaires":"24\/7","autobus_autocars_critair":null,"autobus_autocars_horaires":"24\/7","deux_rm_critair":null,"deux_rm_horaires":"24\/7","url_arrete":"https:\/\/ampmetropole.fr\/wp-content\/uploads\/2022\/08\/ZFE-m-Marseille_arrete-22-131-CM.pdf","url_site_information":"https:\/\/ampmetropole.fr\/missions\/strategie-environnementale\/qualite-de-lair\/zone-a-faibles-emissions-mobilite-zfe-m\/","geo_point_2d":{"lon":5.368464367518407,"lat":43.30982941641967}}},{"type":"Feature","geometry":{"coordinates":[[5.3719679997661265,43.32018899940642],[5.371773999978195,43.32013699905496],[5.371723000591027,43.32012399884472]],"type":"LineString"},"properties":{"id":"TRONROUT0000000040946199","date_debut":"2022-09-01","date_fin":"2032-08-31","vp_critair":null,"vp_horaires":"24\/7","vul_critair":null,"vul_horaires":"24\/7","pl_critair":null,"pl_horaires":"24\/7","autobus_autocars_critair":null,"autobus_autocars_horaires":"24\/7","deux_rm_critair":null,"deux_rm_horaires":"24\/7","url_arrete":"https:\/\/ampmetropole.fr\/wp-content\/uploads\/2022\/08\/ZFE-m-Marseille_arrete-22-131-CM.pdf","url_site_information":"https:\/\/ampmetropole.fr\/missions\/strategie-environnementale\/qualite-de-lair\/zone-a-faibles-emissions-mobilite-zfe-m\/","geo_point_2d":{"lon":5.371845565021425,"lat":43.32015625112803}}},{"type":"Feature","geometry":{"coordinates":[[5.377945999630907,43.32124199925104],[5.377993000605515,43.32153299939585],[5.378109000248382,43.32222299897768],[5.378255999998338,43.3230679991194]],"type":"LineString"},"properties":{"id":"TRONROUT0000000040946204","date_debut":"2022-09-01","date_fin":"2032-08-31","vp_critair":null,"vp_horaires":"24\/7","vul_critair":null,"vul_horaires":"24\/7","pl_critair":null,"pl_horaires":"24\/7","autobus_autocars_critair":null,"autobus_autocars_horaires":"24\/7","deux_rm_critair":null,"deux_rm_horaires":"24\/7","url_arrete":"https:\/\/ampmetropole.fr\/wp-content\/uploads\/2022\/08\/ZFE-m-Marseille_arrete-22-131-CM.pdf","url_site_information":"https:\/\/ampmetropole.fr\/missions\/strategie-environnementale\/qualite-de-lair\/zone-a-faibles-emissions-mobilite-zfe-m\/","geo_point_2d":{"lon":5.378098924415392,"lat":43.32215534926729}}},{"type":"Feature","geometry":{"coordinates":[[5.37782599963351,43.32222399879047],[5.377739999602676,43.321956999319994],[5.377669000149707,43.32182999901066],[5.377585999980124,43.32169499887427],[5.377450999977509,43.321568999051244],[5.37728799943114,43.32146299872105],[5.377097000083917,43.32137999917657],[5.3769269997060425,43.32133399879523],[5.376749000042998,43.32130199872797],[5.376400999600127,43.32127699931933],[5.376252999505923,43.321279999308096],[5.376060999801623,43.321283999359025],[5.376015999945636,43.32128399920075],[5.375930999939911,43.32128399875675],[5.375820999938576,43.321278999176904],[5.375713000324185,43.321268999294865],[5.375618999514509,43.3212509986197],[5.375550000506759,43.32123199943931],[5.3754760001705275,43.321209998841695],[5.375243999830691,43.3211409989729],[5.374746000126508,43.32101199925193]],"type":"LineString"},"properties":{"id":"TRONROUT0000000040946165","date_debut":"2022-09-01","date_fin":"2032-08-31","vp_critair":null,"vp_horaires":"24\/7","vul_critair":null,"vul_horaires":"24\/7","pl_critair":null,"pl_horaires":"24\/7","autobus_autocars_critair":null,"autobus_autocars_horaires":"24\/7","deux_rm_critair":null,"deux_rm_horaires":"24\/7","url_arrete":"https:\/\/ampmetropole.fr\/wp-content\/uploads\/2022\/08\/ZFE-m-Marseille_arrete-22-131-CM.pdf","url_site_information":"https:\/\/ampmetropole.fr\/missions\/strategie-environnementale\/qualite-de-lair\/zone-a-faibles-emissions-mobilite-zfe-m\/","geo_point_2d":{"lon":5.376448347985049,"lat":43.321397223225425}}},{"type":"Feature","geometry":{"coordinates":[[5.364116000488787,43.29796999925376],[5.364250000148905,43.29808199935509],[5.364283999489498,43.29811099864683],[5.364541999651007,43.29832599872726],[5.364649000150635,43.298433999249454],[5.364669000464196,43.29845399904647],[5.364826000026492,43.29861199938952],[5.365077000100249,43.298862999105175],[5.365091000269116,43.298876998648325],[5.365233999849979,43.29902899877746],[5.365249999954494,43.299042998634725],[5.365350000221353,43.2991329993946],[5.365527999430008,43.29938999943629],[5.3655899997937455,43.299476998743735],[5.365607999944964,43.29951099890741],[5.365737999443364,43.29973399908459],[5.365798999443642,43.29988599894429],[5.3658239998571755,43.29995599945693],[5.365847000083126,43.30004499892446],[5.365900999685267,43.30025099903777],[5.36596899962692,43.30056099927805],[5.3659780001107045,43.30064099863437],[5.36598200042931,43.30069499930237],[5.365999999755074,43.30086999878552],[5.366013000611811,43.301006999343194],[5.366042000474024,43.30128099876704],[5.366150999748685,43.301951999104375],[5.366193999943207,43.302090998843425],[5.3662250001054055,43.302195999366795]],"type":"LineString"},"properties":{"id":"TRONROUT0000000040960946","date_debut":"2022-09-01","date_fin":"2032-08-31","vp_critair":null,"vp_horaires":"24\/7","vul_critair":null,"vul_horaires":"24\/7","pl_critair":null,"pl_horaires":"24\/7","autobus_autocars_critair":null,"autobus_autocars_horaires":"24\/7","deux_rm_critair":null,"deux_rm_horaires":"24\/7","url_arrete":"https:\/\/ampmetropole.fr\/wp-content\/uploads\/2022\/08\/ZFE-m-Marseille_arrete-22-131-CM.pdf","url_site_information":"https:\/\/ampmetropole.fr\/missions\/strategie-environnementale\/qualite-de-lair\/zone-a-faibles-emissions-mobilite-zfe-m\/","geo_point_2d":{"lon":5.365502654276899,"lat":43.29990511787172}}},{"type":"Feature","geometry":{"coordinates":[[5.363384000010537,43.292225999345185],[5.363426000053188,43.29219899895572],[5.3634940002755025,43.29217699888664],[5.363734999598743,43.29213899879946]],"type":"LineString"},"properties":{"id":"TRONROUT0000000040966031","date_debut":"2022-09-01","date_fin":"2032-08-31","vp_critair":null,"vp_horaires":"24\/7","vul_critair":null,"vul_horaires":"24\/7","pl_critair":null,"pl_horaires":"24\/7","autobus_autocars_critair":null,"autobus_autocars_horaires":"24\/7","deux_rm_critair":null,"deux_rm_horaires":"24\/7","url_arrete":"https:\/\/ampmetropole.fr\/wp-content\/uploads\/2022\/08\/ZFE-m-Marseille_arrete-22-131-CM.pdf","url_site_information":"https:\/\/ampmetropole.fr\/missions\/strategie-environnementale\/qualite-de-lair\/zone-a-faibles-emissions-mobilite-zfe-m\/","geo_point_2d":{"lon":5.363555649711764,"lat":43.292171314747264}}},{"type":"Feature","geometry":{"coordinates":[[5.364089000621615,43.29271899933304],[5.364049000496384,43.29269299873118],[5.364009000529774,43.292659999089146],[5.363968000145303,43.29261599945465],[5.363935999882597,43.292560998861504],[5.363896999439923,43.292411998929374],[5.3638779999879755,43.29231699942881],[5.36386099951121,43.29223099904635],[5.3638579994543765,43.292219998711836]],"type":"LineString"},"properties":{"id":"TRONROUT0000000300201616","date_debut":"2022-09-01","date_fin":"2032-08-31","vp_critair":null,"vp_horaires":"24\/7","vul_critair":null,"vul_horaires":"24\/7","pl_critair":null,"pl_horaires":"24\/7","autobus_autocars_critair":null,"autobus_autocars_horaires":"24\/7","deux_rm_critair":null,"deux_rm_horaires":"24\/7","url_arrete":"https:\/\/ampmetropole.fr\/wp-content\/uploads\/2022\/08\/ZFE-m-Marseille_arrete-22-131-CM.pdf","url_site_information":"https:\/\/ampmetropole.fr\/missions\/strategie-environnementale\/qualite-de-lair\/zone-a-faibles-emissions-mobilite-zfe-m\/","geo_point_2d":{"lon":5.363937638137744,"lat":43.29249086360464}}},{"type":"Feature","geometry":{"coordinates":[[5.377711999496288,43.31946099895126],[5.377705000436656,43.31940299926983],[5.377685999481457,43.31921499933124],[5.377661999852199,43.31902399899424],[5.377654999750005,43.31888699936312],[5.37765600054341,43.31879699932234],[5.377660000547901,43.31873099898685],[5.377666999521438,43.31866499929924]],"type":"LineString"},"properties":{"id":"TRONROUT0000000040946174","date_debut":"2022-09-01","date_fin":"2032-08-31","vp_critair":null,"vp_horaires":"24\/7","vul_critair":null,"vul_horaires":"24\/7","pl_critair":null,"pl_horaires":"24\/7","autobus_autocars_critair":null,"autobus_autocars_horaires":"24\/7","deux_rm_critair":null,"deux_rm_horaires":"24\/7","url_arrete":"https:\/\/ampmetropole.fr\/wp-content\/uploads\/2022\/08\/ZFE-m-Marseille_arrete-22-131-CM.pdf","url_site_information":"https:\/\/ampmetropole.fr\/missions\/strategie-environnementale\/qualite-de-lair\/zone-a-faibles-emissions-mobilite-zfe-m\/","geo_point_2d":{"lon":5.377674665186176,"lat":43.319063354332435}}},{"type":"Feature","geometry":{"coordinates":[[5.36622199942042,43.307772999097395],[5.366135000612938,43.30748399898816],[5.365982000015445,43.30697499929548]],"type":"LineString"},"properties":{"id":"TRONROUT0000000040960845","date_debut":"2022-09-01","date_fin":"2032-08-31","vp_critair":null,"vp_horaires":"24\/7","vul_critair":null,"vul_horaires":"24\/7","pl_critair":null,"pl_horaires":"24\/7","autobus_autocars_critair":null,"autobus_autocars_horaires":"24\/7","deux_rm_critair":null,"deux_rm_horaires":"24\/7","url_arrete":"https:\/\/ampmetropole.fr\/wp-content\/uploads\/2022\/08\/ZFE-m-Marseille_arrete-22-131-CM.pdf","url_site_information":"https:\/\/ampmetropole.fr\/missions\/strategie-environnementale\/qualite-de-lair\/zone-a-faibles-emissions-mobilite-zfe-m\/","geo_point_2d":{"lon":5.366101962268328,"lat":43.30737401046173}}},{"type":"Feature","geometry":{"coordinates":[[5.377687000401959,43.33069499862752],[5.3777000003913455,43.330586998622465],[5.377726000211323,43.33040299886823]],"type":"LineString"},"properties":{"id":"TRONROUT0000000040940880","date_debut":"2022-09-01","date_fin":"2032-08-31","vp_critair":null,"vp_horaires":"24\/7","vul_critair":null,"vul_horaires":"24\/7","pl_critair":null,"pl_horaires":"24\/7","autobus_autocars_critair":null,"autobus_autocars_horaires":"24\/7","deux_rm_critair":null,"deux_rm_horaires":"24\/7","url_arrete":"https:\/\/ampmetropole.fr\/wp-content\/uploads\/2022\/08\/ZFE-m-Marseille_arrete-22-131-CM.pdf","url_site_information":"https:\/\/ampmetropole.fr\/missions\/strategie-environnementale\/qualite-de-lair\/zone-a-faibles-emissions-mobilite-zfe-m\/","geo_point_2d":{"lon":5.3777058002338,"lat":43.33054890716237}}},{"type":"Feature","geometry":{"coordinates":[[5.3642439996269005,43.32128299906535],[5.364241999718088,43.3212419990093],[5.364231000081884,43.32114699869587],[5.364221000233,43.32108799929653],[5.3642149996619715,43.321044998765544],[5.364206000197716,43.32098799885927],[5.364204999415053,43.32097399898965],[5.364201999527566,43.32094999901097],[5.3641890003387545,43.32090799930638],[5.364175999848363,43.320854999124954],[5.364165999378765,43.32081199876612],[5.364166000493599,43.32080799921258],[5.364162000114252,43.32079599900133],[5.364161000172859,43.320787999308806],[5.364150999610375,43.320740999424444],[5.364120000050095,43.32065199926863],[5.364119999899665,43.32064799884334],[5.364101999921854,43.32059499908797],[5.364087000058058,43.3205559986798],[5.36406899942163,43.32051899885064],[5.364038000530373,43.32045299866213],[5.363971000231613,43.320307999391225],[5.363923000161996,43.320224999431346],[5.363899999655431,43.320182998801286],[5.363889999909159,43.320162999308835],[5.363853999479831,43.32010099907769],[5.3638389999368785,43.320072999146845],[5.363836000129093,43.320066998845704],[5.363765000509359,43.319942998963775],[5.363740999466861,43.31990499901498],[5.363680999797129,43.319786999093026],[5.363626000525511,43.31969299948235],[5.36358299981838,43.31959899944217],[5.363568000174028,43.31956999871141],[5.363545000476865,43.31952499927751],[5.363502999635607,43.31944199945523],[5.363492999467907,43.31941999929061],[5.363470999581785,43.319363999101576],[5.363438000124154,43.319278998927004],[5.363428000333844,43.319257998632814],[5.3634059996959955,43.319187999226216],[5.363376999689581,43.31908999866982],[5.363376000210018,43.319082998854135],[5.363351999971645,43.31899299874905],[5.363347000040088,43.3189539993062],[5.363342000196365,43.31888899936953],[5.363335999852194,43.318858999122924],[5.363330999415619,43.31882599897754],[5.363329000059021,43.31880699905524],[5.363328000590283,43.31879999924064],[5.363327999555772,43.31876299918837],[5.363324000199122,43.31869299868886],[5.363324999717606,43.31868499939675],[5.363326000409192,43.31859799873597],[5.363327999573396,43.31857499918835],[5.363330000598923,43.31856899936436],[5.363338000437855,43.31847199900695],[5.363338999590927,43.31846299894381],[5.363348000288853,43.318380999215364],[5.363354999445192,43.31834099950781],[5.363368999725937,43.31828599885206],[5.363390999404401,43.318192998884015],[5.363429000236348,43.318068999336816],[5.363508000324869,43.317891999038594],[5.363566000449581,43.31777099927444],[5.36360799957885,43.3177039990176],[5.363625000206136,43.31767299916209]],"type":"LineString"},"properties":{"id":"TRONROUT0000000224433602","date_debut":"2022-09-01","date_fin":"2032-08-31","vp_critair":null,"vp_horaires":"24\/7","vul_critair":null,"vul_horaires":"24\/7","pl_critair":null,"pl_horaires":"24\/7","autobus_autocars_critair":null,"autobus_autocars_horaires":"24\/7","deux_rm_critair":null,"deux_rm_horaires":"24\/7","url_arrete":"https:\/\/ampmetropole.fr\/wp-content\/uploads\/2022\/08\/ZFE-m-Marseille_arrete-22-131-CM.pdf","url_site_information":"https:\/\/ampmetropole.fr\/missions\/strategie-environnementale\/qualite-de-lair\/zone-a-faibles-emissions-mobilite-zfe-m\/","geo_point_2d":{"lon":5.3636857501227855,"lat":43.319478918990214}}},{"type":"Feature","geometry":{"coordinates":[[5.393502000336624,43.282686998884266],[5.393192000411287,43.282706998797714],[5.392999999876803,43.282719998962754],[5.392931000125199,43.28272299945166]],"type":"LineString"},"properties":{"id":"TRONROUT0000000040969955","date_debut":"2022-09-01","date_fin":"2032-08-31","vp_critair":null,"vp_horaires":"24\/7","vul_critair":null,"vul_horaires":"24\/7","pl_critair":null,"pl_horaires":"24\/7","autobus_autocars_critair":null,"autobus_autocars_horaires":"24\/7","deux_rm_critair":null,"deux_rm_horaires":"24\/7","url_arrete":"https:\/\/ampmetropole.fr\/wp-content\/uploads\/2022\/08\/ZFE-m-Marseille_arrete-22-131-CM.pdf","url_site_information":"https:\/\/ampmetropole.fr\/missions\/strategie-environnementale\/qualite-de-lair\/zone-a-faibles-emissions-mobilite-zfe-m\/","geo_point_2d":{"lon":5.393216526037311,"lat":43.28270550603468}}},{"type":"Feature","geometry":{"coordinates":[[5.393957000502834,43.28240499892748],[5.394113999499762,43.28241499910003],[5.394209000134554,43.282426999243725]],"type":"LineString"},"properties":{"id":"TRONROUT0000000040969956","date_debut":"2022-09-01","date_fin":"2032-08-31","vp_critair":null,"vp_horaires":"24\/7","vul_critair":null,"vul_horaires":"24\/7","pl_critair":null,"pl_horaires":"24\/7","autobus_autocars_critair":null,"autobus_autocars_horaires":"24\/7","deux_rm_critair":null,"deux_rm_horaires":"24\/7","url_arrete":"https:\/\/ampmetropole.fr\/wp-content\/uploads\/2022\/08\/ZFE-m-Marseille_arrete-22-131-CM.pdf","url_site_information":"https:\/\/ampmetropole.fr\/missions\/strategie-environnementale\/qualite-de-lair\/zone-a-faibles-emissions-mobilite-zfe-m\/","geo_point_2d":{"lon":5.394083174763185,"lat":43.28241416116205}}},{"type":"Feature","geometry":{"coordinates":[[5.371092999682903,43.319956999215194],[5.370933999495008,43.31991499904813],[5.370554999747487,43.319815998986755]],"type":"LineString"},"properties":{"id":"TRONROUT0000002277349571","date_debut":"2022-09-01","date_fin":"2032-08-31","vp_critair":null,"vp_horaires":"24\/7","vul_critair":null,"vul_horaires":"24\/7","pl_critair":null,"pl_horaires":"24\/7","autobus_autocars_critair":null,"autobus_autocars_horaires":"24\/7","deux_rm_critair":null,"deux_rm_horaires":"24\/7","url_arrete":"https:\/\/ampmetropole.fr\/wp-content\/uploads\/2022\/08\/ZFE-m-Marseille_arrete-22-131-CM.pdf","url_site_information":"https:\/\/ampmetropole.fr\/missions\/strategie-environnementale\/qualite-de-lair\/zone-a-faibles-emissions-mobilite-zfe-m\/","geo_point_2d":{"lon":5.370824040148309,"lat":43.31988634517697}}},{"type":"Feature","geometry":{"coordinates":[[5.3638579994543765,43.292219998711836],[5.3638440003160985,43.29214499864005],[5.363832999812765,43.292094998775575],[5.363826999646504,43.29205799931018],[5.363818000551115,43.29200599914823],[5.363814000421738,43.29198499869259],[5.363806999417111,43.291942999323666],[5.363737000255151,43.291583998688544],[5.363692000500541,43.291322999105326],[5.36369400026946,43.29124999893656],[5.363709000439642,43.29119199939011],[5.3637710002997085,43.291113998773106]],"type":"LineString"},"properties":{"id":"TRONROUT0000000300201592","date_debut":"2022-09-01","date_fin":"2032-08-31","vp_critair":null,"vp_horaires":"24\/7","vul_critair":null,"vul_horaires":"24\/7","pl_critair":null,"pl_horaires":"24\/7","autobus_autocars_critair":null,"autobus_autocars_horaires":"24\/7","deux_rm_critair":null,"deux_rm_horaires":"24\/7","url_arrete":"https:\/\/ampmetropole.fr\/wp-content\/uploads\/2022\/08\/ZFE-m-Marseille_arrete-22-131-CM.pdf","url_site_information":"https:\/\/ampmetropole.fr\/missions\/strategie-environnementale\/qualite-de-lair\/zone-a-faibles-emissions-mobilite-zfe-m\/","geo_point_2d":{"lon":5.363761903739129,"lat":43.2916581174274}}},{"type":"Feature","geometry":{"coordinates":[[5.377892000089028,43.33041899914108],[5.3778729999784884,43.33054799930114],[5.3778710000438394,43.33057099946425],[5.377853999886843,43.33070699902066]],"type":"LineString"},"properties":{"id":"TRONROUT0000000040940919","date_debut":"2022-09-01","date_fin":"2032-08-31","vp_critair":null,"vp_horaires":"24\/7","vul_critair":null,"vul_horaires":"24\/7","pl_critair":null,"pl_horaires":"24\/7","autobus_autocars_critair":null,"autobus_autocars_horaires":"24\/7","deux_rm_critair":null,"deux_rm_horaires":"24\/7","url_arrete":"https:\/\/ampmetropole.fr\/wp-content\/uploads\/2022\/08\/ZFE-m-Marseille_arrete-22-131-CM.pdf","url_site_information":"https:\/\/ampmetropole.fr\/missions\/strategie-environnementale\/qualite-de-lair\/zone-a-faibles-emissions-mobilite-zfe-m\/","geo_point_2d":{"lon":5.377872230828399,"lat":43.33056289407766}}},{"type":"Feature","geometry":{"coordinates":[[5.366772000361938,43.30962899879776],[5.366706000059996,43.30940399880231],[5.366641000594882,43.30917799863018],[5.3664709994326,43.30861599877331],[5.366294000146354,43.308023999368025],[5.36622199942042,43.307772999097395]],"type":"LineString"},"properties":{"id":"TRONROUT0000000040954976","date_debut":"2022-09-01","date_fin":"2032-08-31","vp_critair":null,"vp_horaires":"24\/7","vul_critair":null,"vul_horaires":"24\/7","pl_critair":null,"pl_horaires":"24\/7","autobus_autocars_critair":null,"autobus_autocars_horaires":"24\/7","deux_rm_critair":null,"deux_rm_horaires":"24\/7","url_arrete":"https:\/\/ampmetropole.fr\/wp-content\/uploads\/2022\/08\/ZFE-m-Marseille_arrete-22-131-CM.pdf","url_site_information":"https:\/\/ampmetropole.fr\/missions\/strategie-environnementale\/qualite-de-lair\/zone-a-faibles-emissions-mobilite-zfe-m\/","geo_point_2d":{"lon":5.366496863030168,"lat":43.30870103858184}}},{"type":"Feature","geometry":{"coordinates":[[5.377620000508318,43.33125299943848],[5.377629000218205,43.33118599936653],[5.377640000366906,43.33108599926676],[5.377687000401959,43.33069499862752]],"type":"LineString"},"properties":{"id":"TRONROUT0000000040940918","date_debut":"2022-09-01","date_fin":"2032-08-31","vp_critair":null,"vp_horaires":"24\/7","vul_critair":null,"vul_horaires":"24\/7","pl_critair":null,"pl_horaires":"24\/7","autobus_autocars_critair":null,"autobus_autocars_horaires":"24\/7","deux_rm_critair":null,"deux_rm_horaires":"24\/7","url_arrete":"https:\/\/ampmetropole.fr\/wp-content\/uploads\/2022\/08\/ZFE-m-Marseille_arrete-22-131-CM.pdf","url_site_information":"https:\/\/ampmetropole.fr\/missions\/strategie-environnementale\/qualite-de-lair\/zone-a-faibles-emissions-mobilite-zfe-m\/","geo_point_2d":{"lon":5.377653618222554,"lat":43.3309740175708}}},{"type":"Feature","geometry":{"coordinates":[[5.370700999611016,43.2887789987591],[5.37073100042176,43.288756998830756],[5.370855000582623,43.28866499919671],[5.370946999456038,43.288595999070814],[5.371144000251987,43.288447999046426],[5.371241999944629,43.28837499894536],[5.371245000084438,43.28837299908838],[5.371347999908445,43.288296999383455],[5.371502000614979,43.28817999931218],[5.371532999751746,43.28815499926809],[5.371590000252247,43.288110999103104],[5.371675000075384,43.2880449994433],[5.3716879994004945,43.288033999164725],[5.371770000597292,43.28797099912532],[5.371836000553186,43.2879199993744]],"type":"LineString"},"properties":{"id":"TRONROUT0000000040965817","date_debut":"2022-09-01","date_fin":"2032-08-31","vp_critair":null,"vp_horaires":"24\/7","vul_critair":null,"vul_horaires":"24\/7","pl_critair":null,"pl_horaires":"24\/7","autobus_autocars_critair":null,"autobus_autocars_horaires":"24\/7","deux_rm_critair":null,"deux_rm_horaires":"24\/7","url_arrete":"https:\/\/ampmetropole.fr\/wp-content\/uploads\/2022\/08\/ZFE-m-Marseille_arrete-22-131-CM.pdf","url_site_information":"https:\/\/ampmetropole.fr\/missions\/strategie-environnementale\/qualite-de-lair\/zone-a-faibles-emissions-mobilite-zfe-m\/","geo_point_2d":{"lon":5.371270448576096,"lat":43.28835205049506}}},{"type":"Feature","geometry":{"coordinates":[[5.398488000623305,43.283803999311665],[5.3984650000295105,43.28372499932073],[5.398440000006944,43.28365899878061],[5.398432999573353,43.28363699871229],[5.398410000418946,43.28356199905717],[5.3984009996924724,43.28353499905888],[5.398384999599951,43.2834949986669],[5.398366000406335,43.28344099921732],[5.398362999741186,43.28343199862722],[5.398360000018058,43.283419999317026],[5.398349000136416,43.283379998632164],[5.398334000389443,43.28333599906883],[5.39832500051774,43.283297998722595],[5.398317999945055,43.283255998633194],[5.398313000503345,43.28320799902831],[5.398311999605896,43.28318099875844],[5.398311999500986,43.28316899946674],[5.398312000507057,43.28314899942127],[5.3983140005166135,43.28312999896999],[5.398318999489552,43.28310899881799],[5.398323000369711,43.283088999087035],[5.3983240002698745,43.28308199942922],[5.398333000434034,43.283043999137995],[5.3983460004819905,43.28300999862354],[5.39834899965419,43.28299899922267],[5.398377999627184,43.28295499948392],[5.398401999503497,43.2829189989587],[5.398427000398884,43.28289299916739],[5.398438999781634,43.28288099900848],[5.39846599993986,43.28285499892763],[5.3984719996238955,43.282848998846305],[5.398519999735249,43.28281299921681],[5.398526000043222,43.28280899885057],[5.398567999606978,43.28278599926466],[5.398628000232468,43.28276299873558],[5.398640999695693,43.282759999445545],[5.398686000373146,43.28274399884877],[5.398740000124548,43.28273099874015],[5.398780000255846,43.28272499888194],[5.398807000290303,43.28271999860272],[5.398854000473801,43.282715998734076],[5.398872000361105,43.28271599869263],[5.398908999768082,43.282713999174],[5.398926999654762,43.282713999123395],[5.398958000275208,43.28271499917718],[5.39898300023368,43.28271699912434],[5.399004999391988,43.28271899909486],[5.399038999697934,43.28272399948557],[5.399094999541055,43.282733999408066],[5.399147999624093,43.28274899864281],[5.39921399978477,43.28277199880723],[5.399269999887342,43.28279899906144],[5.399315999954944,43.28282099882407],[5.399320000474508,43.28282299881863],[5.3993649997682756,43.282846998918124],[5.399390000164515,43.28286099895925],[5.399465000437747,43.28291099890196],[5.399474000270347,43.28291599906592],[5.39956299967665,43.28297899861681],[5.39964500041139,43.28303999900617],[5.3996769994628995,43.283061999082015],[5.399724000617675,43.283095999149374],[5.399784000208099,43.28313099926023],[5.399856000602064,43.283170999419546],[5.399934000218459,43.283201998877445],[5.400019000079614,43.283225999417816],[5.400070000586276,43.283239998671085],[5.400116999617975,43.28325099898833],[5.400216000145956,43.2832689987668],[5.400250999402856,43.283275998830455],[5.400600000132709,43.28331499891084]],"type":"LineString"},"properties":{"id":"TRONROUT0000000040969616","date_debut":"2022-09-01","date_fin":"2032-08-31","vp_critair":null,"vp_horaires":"24\/7","vul_critair":null,"vul_horaires":"24\/7","pl_critair":null,"pl_horaires":"24\/7","autobus_autocars_critair":null,"autobus_autocars_horaires":"24\/7","deux_rm_critair":null,"deux_rm_horaires":"24\/7","url_arrete":"https:\/\/ampmetropole.fr\/wp-content\/uploads\/2022\/08\/ZFE-m-Marseille_arrete-22-131-CM.pdf","url_site_information":"https:\/\/ampmetropole.fr\/missions\/strategie-environnementale\/qualite-de-lair\/zone-a-faibles-emissions-mobilite-zfe-m\/","geo_point_2d":{"lon":5.399171784626127,"lat":43.283089968544736}}},{"type":"Feature","geometry":{"coordinates":[[5.364132000275955,43.29081099932256],[5.36423800045603,43.29082599918339],[5.3643709995389495,43.290845998799064],[5.364536999680039,43.29086299925992],[5.364721000517407,43.290885998908664],[5.365135000583335,43.29093699870646],[5.3655720001624765,43.29099299944917],[5.365574999728495,43.29099199872509],[5.3657249995004355,43.2910129987873],[5.365826999822478,43.29103699881583],[5.365914000076277,43.29106999920843],[5.3659830006097184,43.29110299944],[5.3660580001386675,43.29115299909885],[5.366121999752721,43.29120799946885],[5.366139000303339,43.291223999380925],[5.366141999791007,43.29122599912311],[5.366170000047412,43.29124899929693],[5.366172999830281,43.291254999372605],[5.366178000316507,43.29126399931987],[5.366194000085988,43.291291998761125],[5.36619500002742,43.29129399908592],[5.366222999762689,43.29134799942783],[5.366240000374316,43.29140299927789],[5.36624900058929,43.29145899867654],[5.366249000400286,43.29150399869801],[5.366248999576355,43.291556999418496],[5.366234000337421,43.29161099902536]],"type":"LineString"},"properties":{"id":"TRONROUT0000000040966042","date_debut":"2022-09-01","date_fin":"2032-08-31","vp_critair":null,"vp_horaires":"24\/7","vul_critair":null,"vul_horaires":"24\/7","pl_critair":null,"pl_horaires":"24\/7","autobus_autocars_critair":null,"autobus_autocars_horaires":"24\/7","deux_rm_critair":null,"deux_rm_horaires":"24\/7","url_arrete":"https:\/\/ampmetropole.fr\/wp-content\/uploads\/2022\/08\/ZFE-m-Marseille_arrete-22-131-CM.pdf","url_site_information":"https:\/\/ampmetropole.fr\/missions\/strategie-environnementale\/qualite-de-lair\/zone-a-faibles-emissions-mobilite-zfe-m\/","geo_point_2d":{"lon":5.365337905113228,"lat":43.291030615933686}}},{"type":"Feature","geometry":{"coordinates":[[5.377212999863537,43.32068899880244],[5.377215000156213,43.32074699867688],[5.3772220003371825,43.320813999203324],[5.377224999976178,43.320840999504284],[5.377231999774933,43.32088999937212],[5.377256999591133,43.320976998779805],[5.377259999442224,43.3209869991932],[5.3772770003883705,43.32103899932186]],"type":"LineString"},"properties":{"id":"TRONROUT0000000040946140","date_debut":"2022-09-01","date_fin":"2032-08-31","vp_critair":null,"vp_horaires":"24\/7","vul_critair":null,"vul_horaires":"24\/7","pl_critair":null,"pl_horaires":"24\/7","autobus_autocars_critair":null,"autobus_autocars_horaires":"24\/7","deux_rm_critair":null,"deux_rm_horaires":"24\/7","url_arrete":"https:\/\/ampmetropole.fr\/wp-content\/uploads\/2022\/08\/ZFE-m-Marseille_arrete-22-131-CM.pdf","url_site_information":"https:\/\/ampmetropole.fr\/missions\/strategie-environnementale\/qualite-de-lair\/zone-a-faibles-emissions-mobilite-zfe-m\/","geo_point_2d":{"lon":5.377234926263224,"lat":43.32086584238287}}},{"type":"Feature","geometry":{"coordinates":[[5.378118000040039,43.32040399939287],[5.378097000432819,43.3205599991241],[5.378095999814125,43.32075899873928],[5.37809400004005,43.320979998991355],[5.378098999987633,43.32116199909068],[5.378102000556372,43.32130599885026],[5.378127999471695,43.32178799947826],[5.378212000335589,43.32235999876766],[5.378261999799511,43.32293599875367],[5.378255999998338,43.3230679991194]],"type":"LineString"},"properties":{"id":"TRONROUT0000000040946216","date_debut":"2022-09-01","date_fin":"2032-08-31","vp_critair":null,"vp_horaires":"24\/7","vul_critair":null,"vul_horaires":"24\/7","pl_critair":null,"pl_horaires":"24\/7","autobus_autocars_critair":null,"autobus_autocars_horaires":"24\/7","deux_rm_critair":null,"deux_rm_horaires":"24\/7","url_arrete":"https:\/\/ampmetropole.fr\/wp-content\/uploads\/2022\/08\/ZFE-m-Marseille_arrete-22-131-CM.pdf","url_site_information":"https:\/\/ampmetropole.fr\/missions\/strategie-environnementale\/qualite-de-lair\/zone-a-faibles-emissions-mobilite-zfe-m\/","geo_point_2d":{"lon":5.378154863957305,"lat":43.321736841534296}}},{"type":"Feature","geometry":{"coordinates":[[5.377574999804245,43.331601999318146],[5.377576999892868,43.331578999142344],[5.377587999455643,43.33151199918878],[5.377589000305124,43.3315029988227],[5.37758999968422,43.33149999876257],[5.377601000147967,43.33141099928939],[5.377601999616219,43.33140599943626],[5.377604000074844,43.33138799873247],[5.377617000231512,43.33128399916492],[5.377620000508318,43.33125299943848]],"type":"LineString"},"properties":{"id":"TRONROUT0000000040940878","date_debut":"2022-09-01","date_fin":"2032-08-31","vp_critair":null,"vp_horaires":"24\/7","vul_critair":null,"vul_horaires":"24\/7","pl_critair":null,"pl_horaires":"24\/7","autobus_autocars_critair":null,"autobus_autocars_horaires":"24\/7","deux_rm_critair":null,"deux_rm_horaires":"24\/7","url_arrete":"https:\/\/ampmetropole.fr\/wp-content\/uploads\/2022\/08\/ZFE-m-Marseille_arrete-22-131-CM.pdf","url_site_information":"https:\/\/ampmetropole.fr\/missions\/strategie-environnementale\/qualite-de-lair\/zone-a-faibles-emissions-mobilite-zfe-m\/","geo_point_2d":{"lon":5.3775984532223475,"lat":43.331427650012856}}},{"type":"Feature","geometry":{"coordinates":[[5.357910999589986,43.327590999170674],[5.358118000603333,43.32741299914067],[5.358262999872016,43.32728199917806],[5.358360999702644,43.327201999462886],[5.358421999990979,43.32714899897211],[5.35847899976962,43.32710599905544],[5.358535000401259,43.327065998957075],[5.358558999546988,43.32704799864332],[5.35859300003377,43.327023998655015],[5.35860200061693,43.327018999099536],[5.358606999820913,43.32701499941119],[5.358646999970228,43.326989999148616],[5.358660999945559,43.32698199887856],[5.358689999700017,43.32696599902313],[5.358695999903594,43.32696199909485],[5.358712999741628,43.3269509994239],[5.358725999677269,43.32694199947538],[5.358745000534707,43.32693199923335],[5.35884500021151,43.32687299893108],[5.358859999944655,43.32686499932454],[5.358954000203367,43.32680899895506],[5.359009000528405,43.32677899947919],[5.359088999682137,43.32673699864024],[5.359099999726845,43.3267319986187],[5.35911200002755,43.3267239987177],[5.359132000557357,43.326713999095496],[5.359193000551238,43.32667899879764],[5.359247999396167,43.32664899923013],[5.359281000159752,43.32663199932906],[5.359284999725774,43.326628998805404],[5.359341000457428,43.326597999043955],[5.359406000048011,43.32656099888198],[5.359412000414354,43.32655799879452],[5.359498000374182,43.32651199946471],[5.35971899966367,43.32638599897237],[5.359841000408372,43.32631499866507],[5.359936999832115,43.326254999253436],[5.35994099963853,43.32625299948474],[5.3599999998238586,43.32621599940056],[5.3601560005593045,43.326116998752774],[5.360206999970981,43.32608499891727],[5.360310999531577,43.32601699915879],[5.360474999650574,43.325903998733516],[5.360627999707581,43.325796999021726],[5.3607849994117815,43.3256809991996],[5.3609510000432365,43.325551999406116],[5.361115000106736,43.32542199905617],[5.361274999617984,43.325284999328176],[5.361457999829713,43.325125999061434],[5.361666000019237,43.324928998617594],[5.361699999651591,43.32489399892534],[5.361850000409044,43.32474999884776],[5.362053999886033,43.32455199876341],[5.362332999840018,43.32428299867551],[5.362766999835319,43.32386699922085],[5.363044999900535,43.32359499879119],[5.363297999527834,43.323349999173516],[5.363523999928855,43.32312099871452],[5.363648999405301,43.322982999270224],[5.36369399959218,43.32291799865234],[5.36375600056682,43.32283299946647],[5.363823000232901,43.322737999223705],[5.363888999742482,43.322634999239966],[5.363895999504272,43.32262199891257],[5.363935999815774,43.32255099931468],[5.363984999946939,43.32246199942336],[5.364036000278794,43.32235399939281],[5.364080999806221,43.32226799928849],[5.364111000257176,43.32218299942123],[5.36411899956848,43.32215899920912],[5.364153999396085,43.32204799925369],[5.364183999818391,43.321941999129805],[5.36420600035152,43.32184399930188],[5.364229999863282,43.32170199871077],[5.364240999929212,43.32157899936664],[5.3642440000265115,43.32150299936394],[5.364247000471799,43.32146399862152],[5.364246999668965,43.32135399893393],[5.36424699944411,43.32133899889792],[5.3642439996269005,43.32128299906535]],"type":"LineString"},"properties":{"id":"TRONROUT0000000040946330","date_debut":"2022-09-01","date_fin":"2032-08-31","vp_critair":null,"vp_horaires":"24\/7","vul_critair":null,"vul_horaires":"24\/7","pl_critair":null,"pl_horaires":"24\/7","autobus_autocars_critair":null,"autobus_autocars_horaires":"24\/7","deux_rm_critair":null,"deux_rm_horaires":"24\/7","url_arrete":"https:\/\/ampmetropole.fr\/wp-content\/uploads\/2022\/08\/ZFE-m-Marseille_arrete-22-131-CM.pdf","url_site_information":"https:\/\/ampmetropole.fr\/missions\/strategie-environnementale\/qualite-de-lair\/zone-a-faibles-emissions-mobilite-zfe-m\/","geo_point_2d":{"lon":5.361512689560123,"lat":43.324766322347806}}},{"type":"Feature","geometry":{"coordinates":[[5.394292000332988,43.28270399883884],[5.394182999971897,43.28269999919151],[5.3939810005640325,43.28268999899562],[5.393746999784996,43.28268099898665],[5.3935920003089,43.28268499886312],[5.393502000336624,43.282686998884266]],"type":"LineString"},"properties":{"id":"TRONROUT0000000040969962","date_debut":"2022-09-01","date_fin":"2032-08-31","vp_critair":null,"vp_horaires":"24\/7","vul_critair":null,"vul_horaires":"24\/7","pl_critair":null,"pl_horaires":"24\/7","autobus_autocars_critair":null,"autobus_autocars_horaires":"24\/7","deux_rm_critair":null,"deux_rm_horaires":"24\/7","url_arrete":"https:\/\/ampmetropole.fr\/wp-content\/uploads\/2022\/08\/ZFE-m-Marseille_arrete-22-131-CM.pdf","url_site_information":"https:\/\/ampmetropole.fr\/missions\/strategie-environnementale\/qualite-de-lair\/zone-a-faibles-emissions-mobilite-zfe-m\/","geo_point_2d":{"lon":5.3938970579113406,"lat":43.28268977243579}}},{"type":"Feature","geometry":{"coordinates":[[5.365639000188915,43.292257999348806],[5.365624000482593,43.29229599932164],[5.365612000427943,43.2923229990585],[5.365599000459754,43.29234799936186],[5.365591999685835,43.29236399918868],[5.365577000073199,43.29238899916384],[5.365480999585341,43.292565998821125],[5.36544199970021,43.29263199913757],[5.365435999571394,43.292641999486634],[5.365328999983162,43.29278599867225],[5.365094999922762,43.29304499930746],[5.364466000324262,43.29375899911045],[5.363558999928442,43.29478899864585],[5.3634899997150285,43.29486999895907],[5.363376000130239,43.29500599926085],[5.363309000161366,43.29510899948249],[5.363305000226535,43.29511499882866],[5.363268000545058,43.29518399924381],[5.363265999681743,43.295187999247936],[5.363261999506604,43.295196999084325],[5.363230000238427,43.29526799876241],[5.363213999842855,43.2953049988587],[5.363182999857657,43.29538399897209],[5.36317100024461,43.29541399894088],[5.363133999779709,43.29553099902759],[5.36307599993458,43.29572699922575],[5.363045999693088,43.29592699862787],[5.363042000382317,43.295995999199704],[5.363043999907902,43.296101999426334],[5.363057000528527,43.296251998778196],[5.363103999872428,43.29650199882896],[5.363161999552773,43.29666299914378],[5.363168000334901,43.296678998937516],[5.363270000091978,43.296884999328505],[5.363413999678074,43.297083999240655]],"type":"LineString"},"properties":{"id":"TRONROUT0000000040966024","date_debut":"2022-09-01","date_fin":"2032-08-31","vp_critair":null,"vp_horaires":"24\/7","vul_critair":null,"vul_horaires":"24\/7","pl_critair":null,"pl_horaires":"24\/7","autobus_autocars_critair":null,"autobus_autocars_horaires":"24\/7","deux_rm_critair":null,"deux_rm_horaires":"24\/7","url_arrete":"https:\/\/ampmetropole.fr\/wp-content\/uploads\/2022\/08\/ZFE-m-Marseille_arrete-22-131-CM.pdf","url_site_information":"https:\/\/ampmetropole.fr\/missions\/strategie-environnementale\/qualite-de-lair\/zone-a-faibles-emissions-mobilite-zfe-m\/","geo_point_2d":{"lon":5.3640152098827585,"lat":43.294579081358044}}},{"type":"Feature","geometry":{"coordinates":[[5.4016700002826195,43.28358399935455],[5.401680000169088,43.28358599911138],[5.40184099979193,43.28360899922528],[5.402011000225034,43.28363999864763],[5.402165999553483,43.28366899948639],[5.4022870005953125,43.28369699925344],[5.402447000051673,43.28373299920275],[5.40260700048313,43.283770998635575],[5.402787000492039,43.283815999460764],[5.402972000590909,43.283856999118036]],"type":"LineString"},"properties":{"id":"TRONROUT0000000040969672","date_debut":"2022-09-01","date_fin":"2032-08-31","vp_critair":null,"vp_horaires":"24\/7","vul_critair":null,"vul_horaires":"24\/7","pl_critair":null,"pl_horaires":"24\/7","autobus_autocars_critair":null,"autobus_autocars_horaires":"24\/7","deux_rm_critair":null,"deux_rm_horaires":"24\/7","url_arrete":"https:\/\/ampmetropole.fr\/wp-content\/uploads\/2022\/08\/ZFE-m-Marseille_arrete-22-131-CM.pdf","url_site_information":"https:\/\/ampmetropole.fr\/missions\/strategie-environnementale\/qualite-de-lair\/zone-a-faibles-emissions-mobilite-zfe-m\/","geo_point_2d":{"lon":5.402322962774355,"lat":43.28371055431246}}},{"type":"Feature","geometry":{"coordinates":[[5.378007999916118,43.323084998956034],[5.37782599963351,43.32222399879047]],"type":"LineString"},"properties":{"id":"TRONROUT0000000040946209","date_debut":"2022-09-01","date_fin":"2032-08-31","vp_critair":null,"vp_horaires":"24\/7","vul_critair":null,"vul_horaires":"24\/7","pl_critair":null,"pl_horaires":"24\/7","autobus_autocars_critair":null,"autobus_autocars_horaires":"24\/7","deux_rm_critair":null,"deux_rm_horaires":"24\/7","url_arrete":"https:\/\/ampmetropole.fr\/wp-content\/uploads\/2022\/08\/ZFE-m-Marseille_arrete-22-131-CM.pdf","url_site_information":"https:\/\/ampmetropole.fr\/missions\/strategie-environnementale\/qualite-de-lair\/zone-a-faibles-emissions-mobilite-zfe-m\/","geo_point_2d":{"lon":5.377916999774814,"lat":43.32265449887325}}},{"type":"Feature","geometry":{"coordinates":[[5.3921900000439145,43.28275499868034],[5.392252999486435,43.28274899873019],[5.39232199971025,43.28274499880155],[5.392410000121074,43.28271299863501],[5.392803999856016,43.28257799869385],[5.392906000407402,43.28253799875303],[5.3931029997547775,43.282459999487905]],"type":"LineString"},"properties":{"id":"TRONROUT0000000040969970","date_debut":"2022-09-01","date_fin":"2032-08-31","vp_critair":null,"vp_horaires":"24\/7","vul_critair":null,"vul_horaires":"24\/7","pl_critair":null,"pl_horaires":"24\/7","autobus_autocars_critair":null,"autobus_autocars_horaires":"24\/7","deux_rm_critair":null,"deux_rm_horaires":"24\/7","url_arrete":"https:\/\/ampmetropole.fr\/wp-content\/uploads\/2022\/08\/ZFE-m-Marseille_arrete-22-131-CM.pdf","url_site_information":"https:\/\/ampmetropole.fr\/missions\/strategie-environnementale\/qualite-de-lair\/zone-a-faibles-emissions-mobilite-zfe-m\/","geo_point_2d":{"lon":5.392650930927933,"lat":43.28262573340586}}},{"type":"Feature","geometry":{"coordinates":[[5.37331899993606,43.32054399945128],[5.373160999757855,43.3205019994164],[5.3719679997661265,43.32018899940642]],"type":"LineString"},"properties":{"id":"TRONROUT0000000040946200","date_debut":"2022-09-01","date_fin":"2032-08-31","vp_critair":null,"vp_horaires":"24\/7","vul_critair":null,"vul_horaires":"24\/7","pl_critair":null,"pl_horaires":"24\/7","autobus_autocars_critair":null,"autobus_autocars_horaires":"24\/7","deux_rm_critair":null,"deux_rm_horaires":"24\/7","url_arrete":"https:\/\/ampmetropole.fr\/wp-content\/uploads\/2022\/08\/ZFE-m-Marseille_arrete-22-131-CM.pdf","url_site_information":"https:\/\/ampmetropole.fr\/missions\/strategie-environnementale\/qualite-de-lair\/zone-a-faibles-emissions-mobilite-zfe-m\/","geo_point_2d":{"lon":5.372643559440542,"lat":43.32036627379032}}},{"type":"Feature","geometry":{"coordinates":[[5.37538400020492,43.321090998738406],[5.375319999751788,43.32107399917171],[5.375254000082795,43.321054998716406]],"type":"LineString"},"properties":{"id":"TRONROUT0000000040946139","date_debut":"2022-09-01","date_fin":"2032-08-31","vp_critair":null,"vp_horaires":"24\/7","vul_critair":null,"vul_horaires":"24\/7","pl_critair":null,"pl_horaires":"24\/7","autobus_autocars_critair":null,"autobus_autocars_horaires":"24\/7","deux_rm_critair":null,"deux_rm_horaires":"24\/7","url_arrete":"https:\/\/ampmetropole.fr\/wp-content\/uploads\/2022\/08\/ZFE-m-Marseille_arrete-22-131-CM.pdf","url_site_information":"https:\/\/ampmetropole.fr\/missions\/strategie-environnementale\/qualite-de-lair\/zone-a-faibles-emissions-mobilite-zfe-m\/","geo_point_2d":{"lon":5.375318907148702,"lat":43.32107333478985}}},{"type":"Feature","geometry":{"coordinates":[[5.365639000188915,43.292257999348806],[5.365695999859221,43.29218899863873],[5.365767000606658,43.292113999115365],[5.365855000569598,43.29203499873218],[5.36596000059666,43.291950999367224],[5.366060999748245,43.29186999888205],[5.36613000031231,43.29179899915716],[5.36616899980356,43.29174199915929],[5.366217999563068,43.2916489993943],[5.366222999504589,43.2916369986845],[5.366234000337421,43.29161099902536]],"type":"LineString"},"properties":{"id":"TRONROUT0000000040966035","date_debut":"2022-09-01","date_fin":"2032-08-31","vp_critair":null,"vp_horaires":"24\/7","vul_critair":null,"vul_horaires":"24\/7","pl_critair":null,"pl_horaires":"24\/7","autobus_autocars_critair":null,"autobus_autocars_horaires":"24\/7","deux_rm_critair":null,"deux_rm_horaires":"24\/7","url_arrete":"https:\/\/ampmetropole.fr\/wp-content\/uploads\/2022\/08\/ZFE-m-Marseille_arrete-22-131-CM.pdf","url_site_information":"https:\/\/ampmetropole.fr\/missions\/strategie-environnementale\/qualite-de-lair\/zone-a-faibles-emissions-mobilite-zfe-m\/","geo_point_2d":{"lon":5.365953361941809,"lat":43.29194651333707}}},{"type":"Feature","geometry":{"coordinates":[[5.399465999967052,43.28320299892867],[5.399512999802966,43.28321499935386],[5.399611999913779,43.283237999022376],[5.399701999678103,43.28325799910009],[5.399751999447296,43.283268998628635],[5.399791000169603,43.283278998666034],[5.3999489999086565,43.283314998956484],[5.400121000306246,43.283349998647004],[5.400299000001335,43.28338099942389],[5.400469000581758,43.28340999879518],[5.4006710005021015,43.28343899881843],[5.400879999660922,43.283469999275525],[5.400968000201847,43.28348299867273],[5.400998000541759,43.28348599941469],[5.401013000547844,43.28348799881995],[5.401033999559946,43.28349099887948],[5.4010980003411495,43.283500999095395],[5.401372000389285,43.283539999332035],[5.401600000041602,43.28357399872521],[5.4016700002826195,43.28358399935455]],"type":"LineString"},"properties":{"id":"TRONROUT0000000040969622","date_debut":"2022-09-01","date_fin":"2032-08-31","vp_critair":null,"vp_horaires":"24\/7","vul_critair":null,"vul_horaires":"24\/7","pl_critair":null,"pl_horaires":"24\/7","autobus_autocars_critair":null,"autobus_autocars_horaires":"24\/7","deux_rm_critair":null,"deux_rm_horaires":"24\/7","url_arrete":"https:\/\/ampmetropole.fr\/wp-content\/uploads\/2022\/08\/ZFE-m-Marseille_arrete-22-131-CM.pdf","url_site_information":"https:\/\/ampmetropole.fr\/missions\/strategie-environnementale\/qualite-de-lair\/zone-a-faibles-emissions-mobilite-zfe-m\/","geo_point_2d":{"lon":5.400564395840431,"lat":43.283412946558535}}},{"type":"Feature","geometry":{"coordinates":[[5.365982000015445,43.30697499929548],[5.364851999700497,43.30351699905841],[5.364534999402166,43.30250399893927],[5.364307999995168,43.30166699942153]],"type":"LineString"},"properties":{"id":"TRONROUT0000000319930635","date_debut":"2022-09-01","date_fin":"2032-08-31","vp_critair":null,"vp_horaires":"24\/7","vul_critair":null,"vul_horaires":"24\/7","pl_critair":null,"pl_horaires":"24\/7","autobus_autocars_critair":null,"autobus_autocars_horaires":"24\/7","deux_rm_critair":null,"deux_rm_horaires":"24\/7","url_arrete":"https:\/\/ampmetropole.fr\/wp-content\/uploads\/2022\/08\/ZFE-m-Marseille_arrete-22-131-CM.pdf","url_site_information":"https:\/\/ampmetropole.fr\/missions\/strategie-environnementale\/qualite-de-lair\/zone-a-faibles-emissions-mobilite-zfe-m\/","geo_point_2d":{"lon":5.365123952243225,"lat":43.304327354582114}}},{"type":"Feature","geometry":{"coordinates":[[5.364307999995168,43.30166699942153],[5.363369000166418,43.29805699872012]],"type":"LineString"},"properties":{"id":"TRONROUT0000000296571141","date_debut":"2022-09-01","date_fin":"2032-08-31","vp_critair":null,"vp_horaires":"24\/7","vul_critair":null,"vul_horaires":"24\/7","pl_critair":null,"pl_horaires":"24\/7","autobus_autocars_critair":null,"autobus_autocars_horaires":"24\/7","deux_rm_critair":null,"deux_rm_horaires":"24\/7","url_arrete":"https:\/\/ampmetropole.fr\/wp-content\/uploads\/2022\/08\/ZFE-m-Marseille_arrete-22-131-CM.pdf","url_site_information":"https:\/\/ampmetropole.fr\/missions\/strategie-environnementale\/qualite-de-lair\/zone-a-faibles-emissions-mobilite-zfe-m\/","geo_point_2d":{"lon":5.363838500080793,"lat":43.29986199907083}}},{"type":"Feature","geometry":{"coordinates":[[5.366403999492989,43.291135999421876],[5.366379000553405,43.29114899875085],[5.366313000188534,43.291181999436766],[5.3662569996555085,43.291213999050335],[5.366252000392145,43.291217999062454],[5.366178000316507,43.29126399931987],[5.366107000556458,43.29130799891012],[5.366093999549073,43.291315998962254]],"type":"LineString"},"properties":{"id":"TRONROUT0000000040966034","date_debut":"2022-09-01","date_fin":"2032-08-31","vp_critair":null,"vp_horaires":"24\/7","vul_critair":null,"vul_horaires":"24\/7","pl_critair":null,"pl_horaires":"24\/7","autobus_autocars_critair":null,"autobus_autocars_horaires":"24\/7","deux_rm_critair":null,"deux_rm_horaires":"24\/7","url_arrete":"https:\/\/ampmetropole.fr\/wp-content\/uploads\/2022\/08\/ZFE-m-Marseille_arrete-22-131-CM.pdf","url_site_information":"https:\/\/ampmetropole.fr\/missions\/strategie-environnementale\/qualite-de-lair\/zone-a-faibles-emissions-mobilite-zfe-m\/","geo_point_2d":{"lon":5.366247341752759,"lat":43.291223057031644}}},{"type":"Feature","geometry":{"coordinates":[[5.365802999450367,43.318490998723014],[5.365777000117137,43.31848099915146],[5.36563300049168,43.318425998604674],[5.3654860000923055,43.31836499944628],[5.3653440001296815,43.31830599935588],[5.365248999834809,43.31826499919553],[5.365209000387107,43.31824699894055],[5.365176999510985,43.3182329987076],[5.365121000076011,43.31820899907275],[5.365086999989193,43.318194999350766],[5.364963000313995,43.31813899884301],[5.364877000149501,43.318098999372125],[5.3648479999274565,43.318085998989396],[5.364767999818243,43.318044998809334],[5.364723999870011,43.31802399894877],[5.364617000386412,43.317962999416295],[5.3645670003036825,43.317934999270214],[5.364561999512181,43.3179309993253],[5.364517999749913,43.317902999320985],[5.364499999523844,43.31789399898653],[5.364403999806039,43.31783199910151],[5.36432199948565,43.31777199873915],[5.364270000119443,43.317724999470904],[5.364254000548586,43.317708999386745],[5.364209999440701,43.31766899893968],[5.364191000557547,43.317647999338845],[5.364172999516369,43.317628999274035],[5.364138999874984,43.31759299920732],[5.364130999770093,43.317583998834586],[5.364128000434656,43.317578999324695],[5.36411599966608,43.317559999439126]],"type":"LineString"},"properties":{"id":"TRONROUT0000000040946293","date_debut":"2022-09-01","date_fin":"2032-08-31","vp_critair":null,"vp_horaires":"24\/7","vul_critair":null,"vul_horaires":"24\/7","pl_critair":null,"pl_horaires":"24\/7","autobus_autocars_critair":null,"autobus_autocars_horaires":"24\/7","deux_rm_critair":null,"deux_rm_horaires":"24\/7","url_arrete":"https:\/\/ampmetropole.fr\/wp-content\/uploads\/2022\/08\/ZFE-m-Marseille_arrete-22-131-CM.pdf","url_site_information":"https:\/\/ampmetropole.fr\/missions\/strategie-environnementale\/qualite-de-lair\/zone-a-faibles-emissions-mobilite-zfe-m\/","geo_point_2d":{"lon":5.36492039966674,"lat":43.318086380399265}}},{"type":"Feature","geometry":{"coordinates":[[5.387134000472217,43.283234998937104],[5.387597000313881,43.2832079989808],[5.38797500028889,43.283190998713806],[5.388302999693258,43.28316699903592],[5.388445999938074,43.283151999048194],[5.388553000220352,43.28313699912286],[5.3886599998258,43.28311799875581],[5.388791999828233,43.28309399883563],[5.389000000294223,43.283048998816575],[5.389096999812512,43.283020998960794]],"type":"LineString"},"properties":{"id":"TRONROUT0000000040969972","date_debut":"2022-09-01","date_fin":"2032-08-31","vp_critair":null,"vp_horaires":"24\/7","vul_critair":null,"vul_horaires":"24\/7","pl_critair":null,"pl_horaires":"24\/7","autobus_autocars_critair":null,"autobus_autocars_horaires":"24\/7","deux_rm_critair":null,"deux_rm_horaires":"24\/7","url_arrete":"https:\/\/ampmetropole.fr\/wp-content\/uploads\/2022\/08\/ZFE-m-Marseille_arrete-22-131-CM.pdf","url_site_information":"https:\/\/ampmetropole.fr\/missions\/strategie-environnementale\/qualite-de-lair\/zone-a-faibles-emissions-mobilite-zfe-m\/","geo_point_2d":{"lon":5.388120301215244,"lat":43.28316289882297}}},{"type":"Feature","geometry":{"coordinates":[[5.364089000621615,43.29271899933304],[5.364168999874479,43.292749998945794],[5.364234999714207,43.2927639993545],[5.364313999564317,43.292768999152024],[5.364427999554835,43.29275599880186],[5.364533000461206,43.29272499884703],[5.364621000182603,43.2926799992569],[5.36468500006499,43.29262999896805],[5.364724999997403,43.29256399865991],[5.364752000181102,43.29250399937769],[5.364764000426371,43.29245199872334],[5.364783000137621,43.29240399913925],[5.364816999968494,43.29236299881853],[5.364863000453415,43.29233399878941],[5.364893000014401,43.29231799880034]],"type":"LineString"},"properties":{"id":"TRONROUT0000000358915124","date_debut":"2022-09-01","date_fin":"2032-08-31","vp_critair":null,"vp_horaires":"24\/7","vul_critair":null,"vul_horaires":"24\/7","pl_critair":null,"pl_horaires":"24\/7","autobus_autocars_critair":null,"autobus_autocars_horaires":"24\/7","deux_rm_critair":null,"deux_rm_horaires":"24\/7","url_arrete":"https:\/\/ampmetropole.fr\/wp-content\/uploads\/2022\/08\/ZFE-m-Marseille_arrete-22-131-CM.pdf","url_site_information":"https:\/\/ampmetropole.fr\/missions\/strategie-environnementale\/qualite-de-lair\/zone-a-faibles-emissions-mobilite-zfe-m\/","geo_point_2d":{"lon":5.364539009058868,"lat":43.29262869348507}}},{"type":"Feature","geometry":{"coordinates":[[5.395928000060137,43.282781999117745],[5.395677000531702,43.28276799929801],[5.3946650005813295,43.282721999212335],[5.394634000068923,43.282720998826356],[5.394417999612685,43.28270999938802],[5.3943810003399975,43.28270799880568],[5.394292000332988,43.28270399883884]],"type":"LineString"},"properties":{"id":"TRONROUT0000000350244243","date_debut":"2022-09-01","date_fin":"2032-08-31","vp_critair":null,"vp_horaires":"24\/7","vul_critair":null,"vul_horaires":"24\/7","pl_critair":null,"pl_horaires":"24\/7","autobus_autocars_critair":null,"autobus_autocars_horaires":"24\/7","deux_rm_critair":null,"deux_rm_horaires":"24\/7","url_arrete":"https:\/\/ampmetropole.fr\/wp-content\/uploads\/2022\/08\/ZFE-m-Marseille_arrete-22-131-CM.pdf","url_site_information":"https:\/\/ampmetropole.fr\/missions\/strategie-environnementale\/qualite-de-lair\/zone-a-faibles-emissions-mobilite-zfe-m\/","geo_point_2d":{"lon":5.395110033854747,"lat":43.28274232750567}}},{"type":"Feature","geometry":{"coordinates":[[5.371836000553186,43.2879199993744],[5.3718560003407285,43.28790499897333],[5.371959000328701,43.28782499923539],[5.372069000043785,43.28773999943753],[5.37228099983597,43.287580998987025],[5.372483000011097,43.28742699917039],[5.372492999727283,43.287421999012494],[5.372509999644255,43.287409999134596],[5.372756000141795,43.287223999277174],[5.37300399972482,43.287037999049005],[5.37306200060316,43.28699599924628],[5.373079000487233,43.28698199865932],[5.373084999754952,43.286978998723285],[5.373178000137811,43.28691299945429],[5.373437999460054,43.28672399878387],[5.373460999660519,43.28670699905658],[5.373487000320176,43.28668899925647],[5.373532999882015,43.286655998753574],[5.373632999698366,43.2865839991768],[5.373751999812171,43.28650099944374],[5.373966999624038,43.28636499939576],[5.374115999557305,43.2862719994403],[5.374140999985403,43.2862549988167],[5.374163000297848,43.28624199874475],[5.374306999865363,43.28616199946278],[5.3743230004382365,43.28615099861389],[5.374335000451741,43.28614599932748],[5.374385000317723,43.28611999866738],[5.374403999417648,43.286108999414544],[5.374531999496082,43.28604099872355],[5.3745999996589715,43.28600499889204],[5.374743000001851,43.2859269990959],[5.374765000053535,43.28591399890472],[5.374778999533523,43.28590699910466],[5.374809000497443,43.28589099897903],[5.374872000506852,43.2858629988439],[5.375029999540867,43.285788998736415],[5.375120999397032,43.2857539986768],[5.375298999550518,43.28568999900268],[5.375525000574528,43.28560999897297],[5.375573999805825,43.285591998825794],[5.375693999940961,43.285548998999765],[5.375777000380332,43.285520998675665],[5.375786000303086,43.28551799920898],[5.376036999480906,43.2854499993433],[5.376124000050981,43.285424999462556],[5.376139999721147,43.28541999931527],[5.376178999958001,43.285409998953305],[5.3762500000721385,43.285390998999375],[5.376564000474276,43.28530599892576],[5.37672500045019,43.2852669991682],[5.376898000133865,43.2852279988953],[5.376987999395476,43.28520899899932],[5.377003000435382,43.28520499895068],[5.377021999668386,43.28519999928256],[5.377039999695532,43.285196998812374],[5.3770569994353945,43.28519399874517],[5.377174000299889,43.28516799874345],[5.377415999874677,43.285114998918026],[5.377567000478749,43.28508199926256],[5.377606000185694,43.28507399900893],[5.377752999940818,43.28504199878774],[5.377906000187702,43.28500799888768],[5.377956000127397,43.2849969989367],[5.377973999503546,43.28499299936348],[5.378021999393815,43.284982999159006],[5.378050000571522,43.284976999325785],[5.378730000529989,43.28482799912314],[5.378753000038312,43.28482399913858],[5.378796000055424,43.28481299900059],[5.378839000044893,43.28480399946575],[5.378928000324886,43.28477899916603],[5.378992999464831,43.28476399934707],[5.3791729996483895,43.28471699896472],[5.379342999663442,43.28467499909327],[5.379479000483192,43.28464299929895],[5.3796019997389335,43.28462099897302],[5.3797940000811355,43.284577999095255],[5.379986999811252,43.284539998659],[5.3801379994593725,43.28451399890364],[5.380382000558354,43.28445899893263],[5.3805030004113865,43.28443599945628],[5.380512999580858,43.28443399903442],[5.3805690003068305,43.28442299884815],[5.380575000198544,43.28442199909489],[5.380592000172453,43.28441799949893],[5.3806480002595345,43.28440799914561],[5.38065199956763,43.28440699936739],[5.381052999526361,43.284318999150635],[5.381173000308677,43.28429299884955],[5.38142700001002,43.28423799933499],[5.381829000489173,43.28414999934673],[5.38187699967075,43.28413899936161],[5.381927999672018,43.28412799890127],[5.381987999717983,43.28411499918262],[5.382076999724435,43.28409499915907],[5.38209399949793,43.28409099932786],[5.382133999478097,43.284082998765186],[5.382145000063814,43.284080998611905],[5.383413999978474,43.283802998651],[5.383483000543536,43.28378799872539],[5.3834949994217345,43.283784999049864],[5.383505000201214,43.283781999350914],[5.38361799951669,43.28375799927072],[5.383670999999881,43.28374599898275],[5.383772999392084,43.28372499889532],[5.383858999860701,43.283704998760584],[5.384221000179768,43.28362699878625],[5.3844159998746655,43.28358399909652],[5.384497999681473,43.2835669990178],[5.384671999671338,43.283527999149],[5.384758000265478,43.28350899904711],[5.38475899982788,43.2835079987239],[5.384780000378254,43.28350399926032],[5.385125999943446,43.28343799941269],[5.385129000045283,43.28343699902395],[5.385147999467054,43.28343399942437],[5.385518000585606,43.28336899932427],[5.3855389997648935,43.283364998841684],[5.385559999501425,43.28335999938121],[5.385570000284752,43.28335899921097],[5.385756999426926,43.283325998628875],[5.385799000253956,43.28331799931095],[5.385812000397483,43.283314998865215],[5.385841000513867,43.28331099895061],[5.385898999787474,43.28329999863439],[5.386335999833006,43.28327499925787],[5.386454000258238,43.28326699870482],[5.386487999432358,43.283264998622236],[5.386501000543712,43.283264999456385],[5.386548999809908,43.283262998821705],[5.386910000384632,43.28324399915643],[5.3869540005383545,43.28324299924993],[5.386996000150361,43.28324199942235],[5.387134000472217,43.283234998937104]],"type":"LineString"},"properties":{"id":"TRONROUT0000000040970441","date_debut":"2022-09-01","date_fin":"2032-08-31","vp_critair":null,"vp_horaires":"24\/7","vul_critair":null,"vul_horaires":"24\/7","pl_critair":null,"pl_horaires":"24\/7","autobus_autocars_critair":null,"autobus_autocars_horaires":"24\/7","deux_rm_critair":null,"deux_rm_horaires":"24\/7","url_arrete":"https:\/\/ampmetropole.fr\/wp-content\/uploads\/2022\/08\/ZFE-m-Marseille_arrete-22-131-CM.pdf","url_site_information":"https:\/\/ampmetropole.fr\/missions\/strategie-environnementale\/qualite-de-lair\/zone-a-faibles-emissions-mobilite-zfe-m\/","geo_point_2d":{"lon":5.379235582591233,"lat":43.284923707578315}}},{"type":"Feature","geometry":{"coordinates":[[5.396255999754226,43.282668998893726],[5.39650200043828,43.28268599893408],[5.396904999610838,43.2827119992132],[5.397265999956015,43.282742999489],[5.39749199964433,43.28277199935017],[5.397681999456646,43.28280199920665]],"type":"LineString"},"properties":{"id":"TRONROUT0000000356883117","date_debut":"2022-09-01","date_fin":"2032-08-31","vp_critair":null,"vp_horaires":"24\/7","vul_critair":null,"vul_horaires":"24\/7","pl_critair":null,"pl_horaires":"24\/7","autobus_autocars_critair":null,"autobus_autocars_horaires":"24\/7","deux_rm_critair":null,"deux_rm_horaires":"24\/7","url_arrete":"https:\/\/ampmetropole.fr\/wp-content\/uploads\/2022\/08\/ZFE-m-Marseille_arrete-22-131-CM.pdf","url_site_information":"https:\/\/ampmetropole.fr\/missions\/strategie-environnementale\/qualite-de-lair\/zone-a-faibles-emissions-mobilite-zfe-m\/","geo_point_2d":{"lon":5.396970256146832,"lat":43.28272362044172}}},{"type":"Feature","geometry":{"coordinates":[[5.377918999974527,43.321064999146884],[5.377945999630907,43.32124199925104]],"type":"LineString"},"properties":{"id":"TRONROUT0000000040946196","date_debut":"2022-09-01","date_fin":"2032-08-31","vp_critair":null,"vp_horaires":"24\/7","vul_critair":null,"vul_horaires":"24\/7","pl_critair":null,"pl_horaires":"24\/7","autobus_autocars_critair":null,"autobus_autocars_horaires":"24\/7","deux_rm_critair":null,"deux_rm_horaires":"24\/7","url_arrete":"https:\/\/ampmetropole.fr\/wp-content\/uploads\/2022\/08\/ZFE-m-Marseille_arrete-22-131-CM.pdf","url_site_information":"https:\/\/ampmetropole.fr\/missions\/strategie-environnementale\/qualite-de-lair\/zone-a-faibles-emissions-mobilite-zfe-m\/","geo_point_2d":{"lon":5.377932499802718,"lat":43.321153499198964}}},{"type":"Feature","geometry":{"coordinates":[[5.363236000607385,43.29198399941992],[5.363245999590868,43.29185899900032]],"type":"LineString"},"properties":{"id":"TRONROUT0000000040966050","date_debut":"2022-09-01","date_fin":"2032-08-31","vp_critair":null,"vp_horaires":"24\/7","vul_critair":null,"vul_horaires":"24\/7","pl_critair":null,"pl_horaires":"24\/7","autobus_autocars_critair":null,"autobus_autocars_horaires":"24\/7","deux_rm_critair":null,"deux_rm_horaires":"24\/7","url_arrete":"https:\/\/ampmetropole.fr\/wp-content\/uploads\/2022\/08\/ZFE-m-Marseille_arrete-22-131-CM.pdf","url_site_information":"https:\/\/ampmetropole.fr\/missions\/strategie-environnementale\/qualite-de-lair\/zone-a-faibles-emissions-mobilite-zfe-m\/","geo_point_2d":{"lon":5.363241000099126,"lat":43.29192149921012}}},{"type":"Feature","geometry":{"coordinates":[[5.36865100029944,43.31123999912802],[5.368699999502933,43.31101899942739],[5.368714000281983,43.31091999916699],[5.368719999554117,43.31081699924224],[5.368711000351813,43.310749998629404],[5.368690000165597,43.310645999174874],[5.36857199946979,43.31029099904391],[5.36851900060291,43.310144999463255]],"type":"LineString"},"properties":{"id":"TRONROUT0000000319758698","date_debut":"2022-09-01","date_fin":"2032-08-31","vp_critair":null,"vp_horaires":"24\/7","vul_critair":null,"vul_horaires":"24\/7","pl_critair":null,"pl_horaires":"24\/7","autobus_autocars_critair":null,"autobus_autocars_horaires":"24\/7","deux_rm_critair":null,"deux_rm_horaires":"24\/7","url_arrete":"https:\/\/ampmetropole.fr\/wp-content\/uploads\/2022\/08\/ZFE-m-Marseille_arrete-22-131-CM.pdf","url_site_information":"https:\/\/ampmetropole.fr\/missions\/strategie-environnementale\/qualite-de-lair\/zone-a-faibles-emissions-mobilite-zfe-m\/","geo_point_2d":{"lon":5.368654265313802,"lat":43.31068721436177}}},{"type":"Feature","geometry":{"coordinates":[[5.392931000125199,43.28272299945166],[5.392855000587808,43.282729998674704],[5.39262100000642,43.28275199919632],[5.392561000536477,43.282756998766445],[5.392401999873226,43.28276699921422],[5.392330999878888,43.28276899874535],[5.392301000117759,43.28276999865894],[5.392224000182616,43.28277099880477],[5.392197000444413,43.28277399949289],[5.391931000388041,43.28279999905265],[5.39084300035592,43.282874999242054],[5.39063199952862,43.28288899878099],[5.390361000563763,43.28290699905514],[5.39028900006256,43.28291199916318],[5.3900760001489685,43.2829249987741],[5.390046999697675,43.28292799907926],[5.389682000415495,43.282952998801704],[5.389478000456543,43.28297099908523],[5.3893539998047855,43.28298599879007],[5.389292999986981,43.28299299948233],[5.389267000552878,43.28299799863801],[5.389170999439799,43.283024999208585],[5.3890649995294835,43.28305399910801]],"type":"LineString"},"properties":{"id":"TRONROUT0000000040969974","date_debut":"2022-09-01","date_fin":"2032-08-31","vp_critair":null,"vp_horaires":"24\/7","vul_critair":null,"vul_horaires":"24\/7","pl_critair":null,"pl_horaires":"24\/7","autobus_autocars_critair":null,"autobus_autocars_horaires":"24\/7","deux_rm_critair":null,"deux_rm_horaires":"24\/7","url_arrete":"https:\/\/ampmetropole.fr\/wp-content\/uploads\/2022\/08\/ZFE-m-Marseille_arrete-22-131-CM.pdf","url_site_information":"https:\/\/ampmetropole.fr\/missions\/strategie-environnementale\/qualite-de-lair\/zone-a-faibles-emissions-mobilite-zfe-m\/","geo_point_2d":{"lon":5.390994360394965,"lat":43.28286560848965}}},{"type":"Feature","geometry":{"coordinates":[[5.363887999706137,43.29205599901373],[5.363912000450553,43.29203599878914],[5.363941999698905,43.291996998698764],[5.363958999999688,43.29194799906707],[5.363968000548676,43.291905998856414],[5.363963999644906,43.29186099908805],[5.363950000315843,43.29181099914795],[5.363888000152984,43.29168199924218]],"type":"LineString"},"properties":{"id":"TRONROUT0000000040966043","date_debut":"2022-09-01","date_fin":"2032-08-31","vp_critair":null,"vp_horaires":"24\/7","vul_critair":null,"vul_horaires":"24\/7","pl_critair":null,"pl_horaires":"24\/7","autobus_autocars_critair":null,"autobus_autocars_horaires":"24\/7","deux_rm_critair":null,"deux_rm_horaires":"24\/7","url_arrete":"https:\/\/ampmetropole.fr\/wp-content\/uploads\/2022\/08\/ZFE-m-Marseille_arrete-22-131-CM.pdf","url_site_information":"https:\/\/ampmetropole.fr\/missions\/strategie-environnementale\/qualite-de-lair\/zone-a-faibles-emissions-mobilite-zfe-m\/","geo_point_2d":{"lon":5.363936910600119,"lat":43.29187394575691}}},{"type":"Feature","geometry":{"coordinates":[[5.364132000275955,43.29081099932256],[5.364052000467884,43.290802999257956],[5.363985000510607,43.290811999445054],[5.363929999793382,43.29083399896079],[5.363889000597199,43.29087699879432],[5.363856000324138,43.29094399935]],"type":"LineString"},"properties":{"id":"TRONROUT0000000319930640","date_debut":"2022-09-01","date_fin":"2032-08-31","vp_critair":null,"vp_horaires":"24\/7","vul_critair":null,"vul_horaires":"24\/7","pl_critair":null,"pl_horaires":"24\/7","autobus_autocars_critair":null,"autobus_autocars_horaires":"24\/7","deux_rm_critair":null,"deux_rm_horaires":"24\/7","url_arrete":"https:\/\/ampmetropole.fr\/wp-content\/uploads\/2022\/08\/ZFE-m-Marseille_arrete-22-131-CM.pdf","url_site_information":"https:\/\/ampmetropole.fr\/missions\/strategie-environnementale\/qualite-de-lair\/zone-a-faibles-emissions-mobilite-zfe-m\/","geo_point_2d":{"lon":5.363974308205198,"lat":43.29084096319414}}},{"type":"Feature","geometry":{"coordinates":[[5.363369000166418,43.29805699872012],[5.363320999534396,43.297826998709965],[5.363272999677999,43.29763199935162],[5.363197000522088,43.29741399890045],[5.363109999907082,43.29722199876008],[5.363053000309683,43.297117999292134],[5.362950000238345,43.29694199933966],[5.362914999816701,43.296860998979874],[5.36289099946885,43.29680499948889],[5.362872000494025,43.29675699935117],[5.362842000581436,43.296672998962904],[5.362778000557718,43.29649799930051],[5.3627349998910745,43.2963339989165],[5.362708000609739,43.29617999923443],[5.362711999884321,43.296062998969006],[5.3627609997782075,43.29575199914057],[5.362828000284938,43.29554899860434],[5.3628800005895245,43.29543799924193],[5.36289000040614,43.29541499886863],[5.362897000152862,43.295399999087955],[5.362939000066436,43.295310999327356],[5.362971999787289,43.295257998783185],[5.363002000007302,43.29521099908888],[5.363013000268315,43.29519199877886],[5.363131000527273,43.2950219988768],[5.363209999565457,43.294920998906825],[5.363247000201895,43.29487399906381],[5.363307000292721,43.294807999263675],[5.363364000148028,43.294745998791406],[5.364093000295347,43.29393199882666],[5.364437000274456,43.29354799867487],[5.36495999992266,43.29296399869635],[5.36516899945253,43.29272899862503],[5.3651910002442085,43.29270499923136],[5.365304000580355,43.292541999293974],[5.365349000491505,43.292461999250406],[5.365415000430235,43.29234799875105],[5.365441999817671,43.292304998738196],[5.365461999901844,43.292271999339526],[5.365482999521324,43.292229999111605],[5.365534999980186,43.29211799871713]],"type":"LineString"},"properties":{"id":"TRONROUT0000000319930646","date_debut":"2022-09-01","date_fin":"2032-08-31","vp_critair":null,"vp_horaires":"24\/7","vul_critair":null,"vul_horaires":"24\/7","pl_critair":null,"pl_horaires":"24\/7","autobus_autocars_critair":null,"autobus_autocars_horaires":"24\/7","deux_rm_critair":null,"deux_rm_horaires":"24\/7","url_arrete":"https:\/\/ampmetropole.fr\/wp-content\/uploads\/2022\/08\/ZFE-m-Marseille_arrete-22-131-CM.pdf","url_site_information":"https:\/\/ampmetropole.fr\/missions\/strategie-environnementale\/qualite-de-lair\/zone-a-faibles-emissions-mobilite-zfe-m\/","geo_point_2d":{"lon":5.363726121962857,"lat":43.29495316130767}}},{"type":"Feature","geometry":{"coordinates":[[5.370689000302663,43.288816999297374],[5.370683999836715,43.28881999878469],[5.370653999911036,43.28884399930048],[5.370603000362976,43.288882999412884],[5.370365999607594,43.289058998981034],[5.370255000166203,43.289139998811784],[5.370249000217285,43.2891449992227],[5.370220000164455,43.28916599880376],[5.370042999846494,43.289297998984765],[5.3699140002406125,43.289392998902954],[5.369734999468986,43.28952599910642],[5.369723000160426,43.289534999096375],[5.369628999732178,43.289605999479164],[5.36932500049949,43.2898349987334],[5.369232999439156,43.2899049991677],[5.368905999646316,43.29015199950965],[5.368870000512281,43.29017799936152],[5.368781000246635,43.29024099939936],[5.368653999611676,43.29032399884704],[5.368212999635632,43.29057699934662],[5.368027000541244,43.29065199884593],[5.36776900003714,43.29074299938205],[5.367632000221456,43.290785999087994],[5.367526000278444,43.29081999928953],[5.367441999568777,43.29084599913184],[5.3674340000691405,43.290848999370624],[5.367385999732719,43.29086499934308],[5.367328000359975,43.29087799916783],[5.367154000465388,43.29091599863126],[5.367059999737453,43.29093399874895],[5.366851999462194,43.29095599863147],[5.3667819998468715,43.29097799874332],[5.366718000194902,43.29099699921824],[5.366677999896629,43.29101199929488],[5.3666159996224625,43.2910339986995],[5.366505999811726,43.29108799898828],[5.366403999492989,43.291135999421876]],"type":"LineString"},"properties":{"id":"TRONROUT0000000040966020","date_debut":"2022-09-01","date_fin":"2032-08-31","vp_critair":null,"vp_horaires":"24\/7","vul_critair":null,"vul_horaires":"24\/7","pl_critair":null,"pl_horaires":"24\/7","autobus_autocars_critair":null,"autobus_autocars_horaires":"24\/7","deux_rm_critair":null,"deux_rm_horaires":"24\/7","url_arrete":"https:\/\/ampmetropole.fr\/wp-content\/uploads\/2022\/08\/ZFE-m-Marseille_arrete-22-131-CM.pdf","url_site_information":"https:\/\/ampmetropole.fr\/missions\/strategie-environnementale\/qualite-de-lair\/zone-a-faibles-emissions-mobilite-zfe-m\/","geo_point_2d":{"lon":5.368635975864657,"lat":43.29015937159505}}}]}